Protein,matchCount,Peptide_start,Peptide_sequence,Protein_sequence
sp|Q05707|COEA1_HUMAN,5,580,EVDPITTFP,MKIFQRKMRYWLLPPFLAIVYFCTIVQGQVAPPTRLRYNVISHDSIQISWKAPRGKFGGYKLLVTPTSGGKTNQLNLQNTATKAIIQGLMPDQNYTVQIIAYNKDKESKPAQGQFRIKDLEKRKDPKPRVKVVDRGNGSRPSSPEEVKFVCQTPAIADIVILVDGSWSIGRFNFRLVRHFLENLVTAFDVGSEKTRIGLAQYSGDPRIEWHLNAFSTKDEVIEAVRNLPYKGGNTLTGLALNYIFENSFKPEAGSRTGVSKIGILITDGKSQDDIIPPSRNLRESGVELFAIGVKNADVNELQEIASEPDSTHVYNVAEFDLMHTVVESLTRTLCSRVEEQDREIKASAHAITGPPTELITSEVTARSFMVNWTHAPGNVEKYRVVYYPTRGGKPDEVVVDGTVSSTVLKNLMSLTEYQIAVFAIYAHTASEGLRGTETTLALPMASDLLLYDVTENSMRVKWDAVPGASGYLILYAPLTEGLAGDEKEMKIGETHTDIELSGLLPNTEYTVTVYAMFGEEASDPVTGQETTLALSPPRNLRISNVGSNSARLTWDPTSRQINGYRIVYNNADGTEINEVEVDPITTFPLKGLTPLTEYTIAIFSIYDEGQSEPLTGVFTTEEVPAQQYLEIDEVTTDSFRVTWHPLSADEGLHKLMWIPVYGGKTEEVVLKEEQDSHVIEGLEPGTEYEVSLLAVLDDGSESEVVTAVGTTLDSFWTEPATTIVPTTSVTSVFQTGIRNLVVGDETTSSLRVKWDISDSDVQQFRVTYMTAQGDPEEEVIGTVMVPGSQNNLLLKPLLPDTEYKVTVTPIYTDGEGVSVSAPGKTLPSSGPQNLRVSEEWYNRLRITWDPPSSPVKGYRIVYKPVSVPGPTLETFVGADINTILITNLLSGMDYNVKIFASQASGFSDALTGMVKTLFLGVTNLQAKHVEMTSLCAHWQVHRHATAYRVVIESLQDRQKQESTVGGGTTRHCFYGLQPDSEYKISVYTKLQEIEGPSVSIMEKTQSLPTRPPTFPPTIPPAKEVCKAAKADLVFMVDGSWSIGDENFNKIISFLYSTVGALNKIGTDGTQVAMVQFTDDPRTEFKLNAYKTKETLLDAIKHISYKGGNTKTGKAIKYVRDTLFTAESGTRRGIPKVIVVITDGRSQDDVNKISREMQLDGYSIFAIGVADADYSELVSIGSKPSARHVFFVDDFDAFKKIEDELITFVCETASATCPVVHKDGIDLAGFKMMEMFGLVEKDFSSVEGVSMEPGTFNVFPCYQLHKDALVSQPTRYLHPEGLPSDYTISFLFRILPDTPQEPFALWEILNKNSDPLVGVILDNGGKTLTYFNYDQSGDFQTVTFEGPEIRKIFYGSFHKLHIVVSETLVKVVIDCKQVGEKAMNASANITSDGVEVLGKMVRSRGPGGNSAPFQLQMFDIVCSTSWANTDKCCELPGLRDDESCPDLPHSCSCSETNEVALGPAGPPGGPGLRGPKGQQGEPGPKGPDGPRGEIGLPGPQGPPGPQGPSGLSIQGMPGMPGEKGEKGDTGLPGPQGIPGGVGSPGRDGSPGQRGLPGKDGSSGPPGPPGPIGIPGTPGVPGITGSMGPQGALGPPGVPGAKGERGERGDLQSQAMVRSVARQVCEQLIQSHMARYTAILNQIPSHSSSIRTVQGPPGEPGRPGSPGAPGEQGPPGTPGFPGNAGVPGTPGERGLTGIKGEKGNPGVGTQGPRGPPGPAGPSGESRPGSPGPPGSPGPRGPPGHLGVPGPQGPSGQPGYCDPSSCSAYGVRAPHPDQPEFTPVQDELEAMELWGPGV
sp|Q12884|SEPR_HUMAN,5,511,EVDEITLWY,MKTWVKIVFGVATSAVLALLVMCIVLRPSRVHNSEENTMRALTLKDILNGTFSYKTFFPNWISGQEYLHQSADNNIVLYNIETGQSYTILSNRTMKSVNASNYGLSPDRQFVYLESDYSKLWRYSYTATYYIYDLSNGEFVRGNELPRPIQYLCWSPVGSKLAYVYQNNIYLKQRPGDPPFQITFNGRENKIFNGIPDWVYEEEMLATKYALWWSPNGKFLAYAEFNDTDIPVIAYSYYGDEQYPRTINIPYPKAGAKNPVVRIFIIDTTYPAYVGPQEVPVPAMIASSDYYFSWLTWVTDERVCLQWLKRVQNVSVLSICDFREDWQTWDCPKTQEHIEESRTGWAGGFFVSTPVFSYDAISYYKIFSDKDGYKHIHYIKDTVENAIQITSGKWEAINIFRVTQDSLFYSSNEFEEYPGRRNIYRISIGSYPPSKKCVTCHLRKERCQYYTASFSDYAKYYALVCYGPGIPISTLHDGRTDQEIKILEENKELENALKNIQLPKEEIKKLEVDEITLWYKMILPPQFDRSKKYPLLIQVYGGPCSQSVRSVFAVNWISYLASKEGMVIALVDGRGTAFQGDKLLYAVYRKLGVYEVEDQITAVRKFIEMGFIDEKRIAIWGWSYGGYVSSLALASGTGLFKCGIAVAPVSSWEYYASVYTERFMGLPTKDDNLEHYKNSTVMARAEYFRNVDYLLIHGTADDNVHFQNSAQIAKALVNAQVDFQAMWYSDQNHGLSGLSTNHLYTHMTHFLKQCFSLSD
sp|P43358|MAGA4_HUMAN,5,168,EVDPASNTY,MSSEQKSQHCKPEEGVEAQEEALGLVGAQAPTTEEQEAAVSSSSPLVPGTLEEVPAAESAGPPQSPQGASALPTTISFTCWRQPNEGSSSQEEEGPSTSPDAESLFREALSNKVDELAHFLLRKYRAKELVTKAEMLERVIKNYKRCFPVIFGKASESLKMIFGIDVKEVDPASNTYTLVTCLGLSYDGLLGNNQIFPKTGLLIIVLGTIAMEGDSASEEEIWEELGVMGVYDGREHTVYGEPRKLLTQDWVQENYLEYRQVPGSNPARYEFLWGPRALAETSYVKVLEHVVRVNARVRIAYPSLREAALLEEEEGV
sp|A6NCF6|MA13P_HUMAN,5,163,EVDPISHSC,MPHSQKSRHCELEQGLQAPKEAQGLVGVQVAEAEKVNTTASSSPSTLIQGTLEKVSASGTPGTPQSSQRVCSPCTTIKATPWNQSDESSRSQEKKDPGASQALMLEKKVDELVKFLSVKYTTKQPITEAEMLKGVIKEHKDHFPPIFMQAHECMEIVFGTDMKEVDPISHSCVLLKSLDLTYDRRLSDDQGMPKTGLLILTFGVILMEANCASEEKIWEVLNIIRVYAGWKDFIYGEPRKLITRDLVQEKYLECCQVSNSDPPRYKFPWGPRAHAETTKMKVLEFFSRVSGSDASSFPLLYEEALRDEKEKAQAIIATMGGTTLMASAHSWAKSSSFSCPE
sp|Q96PV0|SYGP1_HUMAN,5,524,EVDPIKCTA,MSRSRASIHRGSIPAMSYAPFRDVRGPSMHRTQYVHSPYDRPGWNPRFCIISGNQLLMLDEDEIHPLLIRDRRSESSRNKLLRRTVSVPVEGRPHGEHEYHLGRSRRKSVPGGKQYSMEGAPAAPFRPSQGFLSRRLKSSIKRTKSQPKLDRTSSFRQILPRFRSADHDRARLMQSFKESHSHESLLSPSSAAEALELNLDEDSIIKPVHSSILGQEFCFEVTTSSGTKCFACRSAAERDKWIENLQRAVKPNKDNSRRVDNVLKLWIIEARELPPKKRYYCELCLDDMLYARTTSKPRSASGDTVFWGEHFEFNNLPAVRALRLHLYRDSDKKRKKDKAGYVGLVTVPVATLAGRHFTEQWYPVTLPTGSGGSGGMGSGGGGGSGGGSGGKGKGGCPAVRLKARYQTMSILPMELYKEFAEYVTNHYRMLCAVLEPALNVKGKEEVASALVHILQSTGKAKDFLSDMAMSEVDRFMEREHLIFRENTLATKAIEEYMRLIGQKYLKDAIGEFIRALYESEENCEVDPIKCTASSLAEHQANLRMCCELALCKVVNSHCVFPRELKEVFASWRLRCAERGREDIADRLISASLFLRFLCPAIMSPSLFGLMQEYPDEQTSRTLTLIAKVIQNLANFSKFTSKEDFLGFMNEFLELEWGSMQQFLYEISNLDTLTNSSSFEGYIDLGRELSTLHALLWEVLPQLSKEALLKLGPLPRLLNDISTALRNPNIQRQPSRQSERPRPQPVVLRGPSAEMQGYMMRDLNSSIDLQSFMARGLNSSMDMARLPSPTKEKPPPPPPGGGKDLFYVSRPPLARSSPAYCTSSSDITEPEQKMLSVNKSVSMLDLQGDGPGGRLNSSSVSNLAAVGDLLHSSQASLTAALGLRPAPAGRLSQGSGSSITAAGMRLSQMGVTTDGVPAQQLRIPLSFQNPLFHMAADGPGPPGGHGGGGGHGPPSSHHHHHHHHHHRGGEPPGDTFAPFHGYSKSEDLSSGVPKPPAASILHSHSYSDEFGPSGTDFTRRQLSLQDNLQHMLSPPQITIGPQRPAPSGPGGGSGGGSGGGGGGQPPPLQRGKSQQLTVSAAQKPRPSSGNLLQSPEPSYGPARPRQQSLSKEGSIGGSGGSGGGGGGGLKPSITKQHSQTPSTLNPTMPASERTVAWVSNMPHLSADIESAHIEREEYKLKEYSKSMDESRLDRVKEYEEEIHSLKERLHMSNRKLEEYERRLLSQEEQTSKILMQYQARLEQSEKRLRQQQAEKDSQIKSIIGRLMLVEEELRRDHPAMAEPLPEPKKRLLDAQERQLPPLGPTNPRVTLAPPWNGLAPPAPPPPPRLQITENGEFRNTADH
sp|P43357|MAGA3_HUMAN,6,167,EVDPIGHLY,MPLEQRSQHCKPEEGLEARGEALGLVGAQAPATEEQEAASSSSTLVEVTLGEVPAAESPDPPQSPQGASSLPTTMNYPLWSQSYEDSSNQEEEGPSTFPDLESEFQAALSRKVAELVHFLLLKYRAREPVTKAEMLGSVVGNWQYFFPVIFSKASSSLQLVFGIELMEVDPIGHLYIFATCLGLSYDGLLGDNQIMPKAGLLIIVLAIIAREGDCAPEEKIWEELSVLEVFEGREDSILGDPKKLLTQHFVQENYLEYRQVPGSDPACYEFLWGPRALVETSYVKVLHHMVKISGGPHISYPPLHEWVLREGEE
sp|A2A368|MAGBG_HUMAN,5,171,EVDPTTHCY,MSQDQESPRCTHDQHLQTFSETQSLEVAQVSKALEKTLLSSSHPLVPGKLKEAPAAKAESPLEVPQSFCSSSIAVTTTSSSESDEASSNQEEEDSPSSSEDTSDPRNVPADALDQKVAFLVNFMLHKCQMKKPITKADMLKIIIKDDESHFSEILLRASEHLEMIFGLDVVEVDPTTHCYGLFIKLGLTYDGMLSGEKGVPKTGLLIIVLGVIFMKGNRATEEEVWEVLNLTGVYSGKKHFIFGEPRMLITKDFVKEKYLEYQQVANSDPARYEFLWGPRAKAETSKMKVLEFVAKVHGSYPHSFPSQYAEALKEEEERARARI
sp|Q9H172|ABCG4_HUMAN,5,356,EVDPIESHT,MAEKALEAVGCGLGPGAVAMAVTLEDGAEPPVLTTHLKKVENHITEAQRFSHLPKRSAVDIEFVELSYSVREGPCWRKRGYKTLLKCLSGKFCRRELIGIMGPSGAGKSTFMNILAGYRESGMKGQILVNGRPRELRTFRKMSCYIMQDDMLLPHLTVLEAMMVSANLKLSEKQEVKKELVTEILTALGLMSCSHTRTALLSGGQRKRLAIALELVNNPPVMFFDEPTSGLDSASCFQVVSLMKSLAQGGRTIICTIHQPSAKLFEMFDKLYILSQGQCIFKGVVTNLIPYLKGLGLHCPTYHNPADFIIEVASGEYGDLNPMLFRAVQNGLCAMAEKKSSPEKNEVPAPCPPCPPEVDPIESHTFATSTLTQFCILFKRTFLSILRDTVLTHLRFMSHVVIGVLIGLLYLHIGDDASKVFNNTGCLFFSMLFLMFAALMPTVLTFPLEMAVFMREHLNYWYSLKAYYLAKTMADVPFQVVCPVVYCSIVYWMTGQPAETSRFLLFSALATATALVAQSLGLLIGAASNSLQVATFVGPVTAIPVLLFSGFFVSFKTIPTYLQWSSYLSYVRYGFEGVILTIYGMERGDLTCLEERCPFREPQSILRALDVEDAKLYMDFLVLGIFFLALRLLAYLVLRYRVKSER
sp|P53708|ITA8_HUMAN,5,617,EVKPILNYY,MSPGASRGPRGSQAPLIAPLCCAAAALGMLLWSPACQAFNLDVEKLTVYSGPKGSYFGYAVDFHIPDARTASVLVGAPKANTSQPDIVEGGAVYYCPWPAEGSAQCRQIPFDTTNNRKIRVNGTKEPIEFKSNQWFGATVKAHKGKVVACAPLYHWRTLKPTPEKDPVGTCYVAIQNFSAYAEFSPCRNSNADPEGQGYCQAGFSLDFYKNGDLIVGGPGSFYWQGQVITASVADIIANYSFKDILRKLAGEKQTEVAPASYDDSYLGYSVAAGEFTGDSQQELVAGIPRGAQNFGYVSIINSTDMTFIQNFTGEQMASYFGYTVVVSDVNSDGLDDVLVGAPLFMEREFESNPREVGQIYLYLQVSSLLFRDPQILTGTETFGRFGSAMAHLGDLNQDGYNDIAIGVPFAGKDQRGKVLIYNGNKDGLNTKPSQVLQGVWASHAVPSGFGFTLRGDSDIDKNDYPDLIVGAFGTGKVAVYRARPVVTVDAQLLLHPMIINLENKTCQVPDSMTSAACFSLRVCASVTGQSIANTIVLMAEVQLDSLKQKGAIKRTLFLDNHQAHRVFPLVIKRQKSHQCQDFIVYLRDETEFRDKLSPINISLNYSLDESTFKEGLEVKPILNYYRENIVSEQAHILVDCGEDNLCVPDLKLSARPDKHQVIIGDENHLMLIINARNEGEGAYEAELFVMIPEEADYVGIERNNKGFRPLSCEYKMENVTRMVVCDLGNPMVSGTNYSLGLRFAVPRLEKTNMSINFDLQIRSSNKDNPDSNFVSLQINITAVAQVEIRGVSHPPQIVLPIHNWEPEEEPHKEEEVGPLVEHIYELHNIGPSTISDTILEVGWPFSARDEFLLYIFHIQTLGPLQCQPNPNINPQDIKPAASPEDTPELSAFLRNSTIPHLVRKRDVHVVEFHRQSPAKILNCTNIECLQISCAVGRLEGGESAVLKVRSRLWAHTFLQRKNDPYALASLVSFEVKKMPYTDQPAKLPEGSIVIKTSVIWATPNVSFSIPLWVIILAILLGLLVLAILTLALWKCGFFDRARPPQEDMTDREQLTNDKTPEA
sp|P43361|MAGA8_HUMAN,5,170,EVDPAGHSY,MLLGQKSQRYKAEEGLQAQGEAPGLMDVQIPTAEEQKAASSSSTLIMGTLEEVTDSGSPSPPQSPEGASSSLTVTDSTLWSQSDEGSSSNEEEGPSTSPDPAHLESLFREALDEKVAELVRFLLRKYQIKEPVTKAEMLESVIKNYKNHFPDIFSKASECMQVIFGIDVKEVDPAGHSYILVTCLGLSYDGLLGDDQSTPKTGLLIIVLGMILMEGSRAPEEAIWEALSVMGLYDGREHSVYWKLRKLLTQEWVQENYLEYRQAPGSDPVRYEFLWGPRALAETSYVKVLEHVVRVNARVRISYPSLHEEALGEEKGV
sp|Q9BQS7|HEPH_HUMAN,5,884,AVDPIKDMY,MESGHLLWALLFMQSLWPQLTDGATRVYYLGIRDVQWNYAPKGRNVITNQPLDSDIVASSFLKSDKNRIGGTYKKTIYKEYKDDSYTDEVAQPAWLGFLGPVLQAEVGDVILIHLKNFATRPYTIHPHGVFYEKDSEGSLYPDGSSGPLKADDSVPPGGSHIYNWTIPEGHAPTDADPACLTWIYHSHVDAPRDIATGLIGPLITCKRGALDGNSPPQRQDVDHDFFLLFSVVDENLSWHLNENIATYCSDPASVDKEDETFQESNRMHAINGFVFGNLPELNMCAQKRVAWHLFGMGNEIDVHTAFFHGQMLTTRGHHTDVANIFPATFVTAEMVPWEPGTWLISCQVNSHFRDGMQALYKVKSCSMAPPVDLLTGKVRQYFIEAHEIQWDYGPMGHDGSTGKNLREPGSISDKFFQKSSSRIGGTYWKVRYEAFQDETFQEKMHLEEDRHLGILGPVIRAEVGDTIQVVFYNRASQPFSMQPHGVFYEKDYEGTVYNDGSSYPGLVAKPFEKVTYRWTVPPHAGPTAQDPACLTWMYFSAADPIRDTNSGLVGPLLVCRAGALGADGKQKGVDKEFFLLFTVLDENKSWYSNANQAAAMLDFRLLSEDIEGFQDSNRMHAINGFLFSNLPRLDMCKGDTVAWHLLGLGTETDVHGVMFQGNTVQLQGMRKGAAMLFPHTFVMAIMQPDNLGTFEIYCQAGSHREAGMRAIYNVSQCPGHQATPRQRYQAARIYYIMAEEVEWDYCPDRSWEREWHNQSEKDSYGYIFLSNKDGLLGSRYKKAVFREYTDGTFRIPRPRTGPEEHLGILGPLIKGEVGDILTVVFKNNASRPYSVHAHGVLESTTVWPLAAEPGEVVTYQWNIPERSGPGPNDSACVSWIYYSAVDPIKDMYSGLVGPLAICQKGILEPHGGRSDMDREFALLFLIFDENKSWYLEENVATHGSQDPGSINLQDETFLESNKMHAINGKLYANLRGLTMYQGERVAWYMLAMGQDVDLHTIHFHAESFLYRNGENYRADVVDLFPGTFEVVEMVASNPGTWLMHCHVTDHVHAGMETLFTVFSRTEHLSPLTVITKETEKAVPPRDIEEGNVKMLGMQIPIKNVEMLASVLVAISVTLLLVVLALGGVVWYQHRQRKLRRNRRSILDDSFKLLSFKQ
sp|Q6ZNL6|FGD5_HUMAN,5,1423,EVGPIFHLY,MFRGPKPPIAPKPRLTAPNEWRASVYLNDSLNKCSNGRLPCVDRGLDEGPRSIPKCSESETDEDYIVVPRVPLREDEPKDEGSVGNKALVSPESSAEEEEEREEGGEACGLEGTGAGEDSVAPAAPGAGALSREGEEGTDLALEDEGEGCADEPGTLEQVSRSEEEEKLVQPHRECSLEDSGPWAGEGVFQSDLLLPHIHGEDQEPPDTPGEAEEDDEEGCASTDPAGADEGSGPDRPTEDMGQDAEDTSEEPPEKEELAGVQEAETATDCPEVLEEGCEEATGVTGGEQVDLSEPPDHEKKTNQEVAAATLEDHAQDESAEESCQIVPFENDCMEDFVTSLTGSPYEFFPTESTSFCSESCSPLSESAKGLESEQAPKLGLRAEENPMVGALCGQCGSLQGGAAEGPAAPDVVVVLEEEALDDALANPYVMGVGLPGQAAPGEGGQAASDALGGYGSKEELNCEAEGGLVPADRKNTSTRVRPHSGKVAGYVPETVPEETGPEAGSSAPGIGGAAEEVGKTLLSLEGKPLEASRALPAKPRAFTLYPRSFSVEGREIPVSVYQEPEGSGLDDHRIKRKEDNLSLSCVIGSSGSFSQRNHLPSSGTSTPSSMVDIPPPFDLACITKKPITKSSPSLLIESDSPDKYKKKKSSFKRFLALTFKKKTENKLHVDVNVSSSRSSSESSYHGPSRILEVDRRSLSNSPQLKSRTGKLRASESPSSLIFYRDGKRKGVPFSRTVSRVESFEDRSRPPFLPLPLTKPRSISFPSADTSDYENIPAMNSDYENIQIPPRRPARAGAFTKLFEDQSRALSTANENDGYVDMSSFNAFESKQQSADQDAESAYTEPYKVCPISSAAPKEDLTSDEEQRSSEEEDSASRDPSVTHKVEGQSRALVIAQELLSSEKAYVEMLQHLNLDFHGAVMRALDDMDHEGRDTLAREELRQGLSELPAIHDLHQGILEELEERLSNWESQQKVADVFLAREQGFDHHATHILQFDRYLGLLSENCLHSPRLAAAVREFEQSVQGGSQTAKHRLLRVVQRLFQYQVLLTDYLNNLCPDSAEYDNTQGALSLISKVTDRANDSMEQGENLQKLVHIEHSVRGQGDLLQPGREFLKEGTLMKVTGKNRRPRHLFLMNDVLLYTYPQKDGKYRLKNTLAVANMKVSRPVMEKVPYALKIETSESCLMLSASSCAERDEWYGCLSRALPEDYKAQALAAFHHSVEIRERLGVSLGERPPTLVPVTHVMMCMNCGCDFSLTLRRHHCHACGKIVCRNCSRNKYPLKYLKDRMAKVCDGCFGELKKRGRAVPGLMRERPVSMSFPLSSPRFSGSAFSSVFQSINPSTFKKQKKVPSALTEVAASGEGSAISGYLSRCKRGKRHWKKLWFVIKGKVLYTYMASEDKVALESMPLLGFTIAPEKEEGSSEVGPIFHLYHKKTLFYSFKAEDTNSAQRWIEAMEDASVL
sp|P36776|LONM_HUMAN,5,590,EVDKIGRGY,MAASTGYVRLWGAARCWVLRRPMLAAAGGRVPTAAGAWLLRGQRTCDASPPWALWGRGPAIGGQWRGFWEASSRGGGAFSGGEDASEGGAEEGAGGAGGSAGAGEGPVITALTPMTIPDVFPHLPLIAITRNPVFPRFIKIIEVKNKKLVELLRRKVRLAQPYVGVFLKRDDSNESDVVESLDEIYHTGTFAQIHEMQDLGDKLRMIVMGHRRVHISRQLEVEPEEPEAENKHKPRRKSKRGKKEAEDELSARHPAELAMEPTPELPAEVLMVEVENVVHEDFQVTEEVKALTAEIVKTIRDIIALNPLYRESVLQMMQAGQRVVDNPIYLSDMGAALTGAESHELQDVLEETNIPKRLYKALSLLKKEFELSKLQQRLGREVEEKIKQTHRKYLLQEQLKIIKKELGLEKDDKDAIEEKFRERLKELVVPKHVMDVVDEELSKLGLLDNHSSEFNVTRNYLDWLTSIPWGKYSNENLDLARAQAVLEEDHYGMEDVKKRILEFIAVSQLRGSTQGKILCFYGPPGVGKTSIARSIARALNREYFRFSVGGMTDVAEIKGHRRTYVGAMPGKIIQCLKKTKTENPLILIDEVDKIGRGYQGDPSSALLELLDPEQNANFLDHYLDVPVDLSKVLFICTANVTDTIPEPLRDRMEMINVSGYVAQEKLAIAERYLVPQARALCGLDESKAKLSSDVLTLLIKQYCRESGVRNLQKQVEKVLRKSAYKIVSGEAESVEVTPENLQDFVGKPVFTVERMYDVTPPGVVMGLAWTAMGGSTLFVETSLRRPQDKDAKGDKDGSLEVTGQLGEVMKESARIAYTFARAFLMQHAPANDYLVTSHIHLHVPEGATPKDGPSAGCTIVTALLSLAMGRPVRQNLAMTGEVSLTGKILPVGGIKEKTIAAKRAGVTCIVLPAENKKDFYDLAAFITEGLEVHFVEHYREIFDIAFPDEQAEALAVER
sp|Q8N5H7|SH2D3_HUMAN,5,144,EVDPIRKPE,MTEGTKKTSKKFKFFKFKGFGSLSNLPRSFTLRRSSASISRQSHLEPDTFEATQDDMVTVPKSPPAYARSSDMYSHMGTMPRPSIKKAQNSQAARQAQEAGPKPNLVPGGVPDPPGLEAAKEVMVKATGPLEDTPAMEPNPSAVEVDPIRKPEVPTGDVEEERPPRDVHSERAAGEPEAGSDYVKFSKEKYILDSSPEKLHKELEEELKLSSTDLRSHAWYHGRIPREVSETLVQRNGDFLIRDSLTSLGDYVLTCRWRNQALHFKINKVVVKAGESYTHIQYLFEQESFDHVPALVRYHVGSRKAVSEQSGAIIYCPVNRTFPLRYLEASYGLGQGSSKPASPVSPSGPKGSHMKRRSVTMTDGLTADKVTRSDGCPTSTSLPRPRDSIRSCALSMDQIPDLHSPMSPISESPSSPAYSTVTRVHAAPAAPSATALPASPVARRSSEPQLCPGSAPKTHGESDKGPHTSPSHTLGKASPSPSLSSYSDPDSGHYCQLQPPVRGSREWAATETSSQQARSYGERLKELSENGAPEGDWGKTFTVPIVEVTSSFNPATFQSLLIPRDNRPLEVGLLRKVKELLAEVDARTLARHVTKVDCLVARILGVTKEMQTLMGVRWGMELLTLPHGRQLRLDLLERFHTMSIMLAVDILGCTGSAEERAALLHKTIQLAAELRGTMGNMFSFAAVMGALDMAQISRLEQTWVTLRQRHTEGAILYEKKLKPFLKSLNEGKEGPPLSNTTFPHVLPLITLLECDSAPPEGPEPWGSTEHGVEVVLAHLEAARTVAHHGGLYHTNAEVKLQGFQARPELLEVFSTEFQMRLLWGSQGASSSQARRYEKFDKVLTALSHKLEPAVRSSEL
sp|Q96AG3|S2546_HUMAN,5,357,EVLPINTQY,MHPRRPDGFDGLGYRGGARDEQGFGGAFPARSFSTGSDLGHWVTTPPDIPGSRNLHWGEKSPPYGVPTTSTPYEGPTEEPFSSGGGGSVQGQSSEQLNRFAGFGIGLASLFTENVLAHPCIVLRRQCQVNYHAQHYHLTPFTVINIMYSFNKTQGPRALWKGMGSTFIVQGVTLGAEGIISEFTPLPREVLHKWSPKQIGEHLLLKSLTYVVAMPFYSASLIETVQSEIIRDNTGILECVKEGIGRVIGMGVPHSKRLLPLLSLIFPTVLHGVLHYIISSVIQKFVLLILKRKTYNSHLAESTSPVQSMLDAYFPELIANFAASLCSDVILYPLETVLHRLHIQGTRTIIDNTDLGYEVLPINTQYEGMRDCINTIRQEEGVFGFYKGFGAVIIQYTLHAAVLQITKIIYSTLLQNNI
sp|Q8WZ42|TITIN_HUMAN,5,24336,ESDPIVAQY,MTTQAPTFTQPLQSVVVLEGSTATFEAHISGFPVPEVSWFRDGQVISTSTLPGVQISFSDGRAKLTIPAVTKANSGRYSLKATNGSGQATSTAELLVKAETAPPNFVQRLQSMTVRQGSQVRLQVRVTGIPTPVVKFYRDGAEIQSSLDFQISQEGDLYSLLIAEAYPEDSGTYSVNATNSVGRATSTAELLVQGEEEVPAKKTKTIVSTAQISESRQTRIEKKIEAHFDARSIATVEMVIDGAAGQQLPHKTPPRIPPKPKSRSPTPPSIAAKAQLARQQSPSPIRHSPSPVRHVRAPTPSPVRSVSPAARISTSPIRSVRSPLLMRKTQASTVATGPEVPPPWKQEGYVASSSEAEMRETTLTTSTQIRTEERWEGRYGVQEQVTISGAAGAAASVSASASYAAEAVATGAKEVKQDADKSAAVATVVAAVDMARVREPVISAVEQTAQRTTTTAVHIQPAQEQVRKEAEKTAVTKVVVAADKAKEQELKSRTKEVITTKQEQMHVTHEQIRKETEKTFVPKVVISAAKAKEQETRISEEITKKQKQVTQEAIRQETEITAASMVVVATAKSTKLETVPGAQEETTTQQDQMHLSYEKIMKETRKTVVPKVIVATPKVKEQDLVSRGREGITTKREQVQITQEKMRKEAEKTALSTIAVATAKAKEQETILRTRETMATRQEQIQVTHGKVDVGKKAEAVATVVAAVDQARVREPREPGHLEESYAQQTTLEYGYKERISAAKVAEPPQRPASEPHVVPKAVKPRVIQAPSETHIKTTDQKGMHISSQIKKTTDLTTERLVHVDKRPRTASPHFTVSKISVPKTEHGYEASIAGSAIATLQKELSATSSAQKITKSVKAPTVKPSETRVRAEPTPLPQFPFADTPDTYKSEAGVEVKKEVGVSITGTTVREERFEVLHGREAKVTETARVPAPVEIPVTPPTLVSGLKNVTVIEGESVTLECHISGYPSPTVTWYREDYQIESSIDFQITFQSGIARLMIREAFAEDSGRFTCSAVNEAGTVSTSCYLAVQVSEEFEKETTAVTEKFTTEEKRFVESRDVVMTDTSLTEEQAGPGEPAAPYFITKPVVQKLVEGGSVVFGCQVGGNPKPHVYWKKSGVPLTTGYRYKVSYNKQTGECKLVISMTFADDAGEYTIVVRNKHGETSASASLLEEADYELLMKSQQEMLYQTQVTAFVQEPKVGETAPGFVYSEYEKEYEKEQALIRKKMAKDTVVVRTYVEDQEFHISSFEERLIKEIEYRIIKTTLEELLEEDGEEKMAVDISESEAVESGFDSRIKNYRILEGMGVTFHCKMSGYPLPKIAWYKDGKRIKHGERYQMDFLQDGRASLRIPVVLPEDEGIYTAFASNIKGNAICSGKLYVEPAAPLGAPTYIPTLEPVSRIRSLSPRSVSRSPIRMSPARMSPARMSPARMSPARMSPGRRLEETDESQLERLYKPVFVLKPVSFKCLEGQTARFDLKVVGRPMPETFWFHDGQQIVNDYTHKVVIKEDGTQSLIIVPATPSDSGEWTVVAQNRAGRSSISVILTVEAVEHQVKPMFVEKLKNVNIKEGSRLEMKVRATGNPNPDIVWLKNSDIIVPHKYPKIRIEGTKGEAALKIDSTVSQDSAWYTATAINKAGRDTTRCKVNVEVEFAEPEPERKLIIPRGTYRAKEIAAPELEPLHLRYGQEQWEEGDLYDKEKQQKPFFKKKLTSLRLKRFGPAHFECRLTPIGDPTMVVEWLHDGKPLEAANRLRMINEFGYCSLDYGVAYSRDSGIITCRATNKYGTDHTSATLIVKDEKSLVEESQLPEGRKGLQRIEELERMAHEGALTGVTTDQKEKQKPDIVLYPEPVRVLEGETARFRCRVTGYPQPKVNWYLNGQLIRKSKRFRVRYDGIHYLDIVDCKSYDTGEVKVTAENPEGVIEHKVKLEIQQREDFRSVLRRAPEPRPEFHVHEPGKLQFEVQKVDRPVDTTETKEVVKLKRAERITHEKVPEESEELRSKFKRRTEEGYYEAITAVELKSRKKDESYEELLRKTKDELLHWTKELTEEEKKALAEEGKITIPTFKPDKIELSPSMEAPKIFERIQSQTVGQGSDAHFRVRVVGKPDPECEWYKNGVKIERSDRIYWYWPEDNVCELVIRDVTAEDSASIMVKAINIAGETSSHAFLLVQAKQLITFTQELQDVVAKEKDTMATFECETSEPFVKVKWYKDGMEVHEGDKYRMHSDRKVHFLSILTIDTSDAEDYSCVLVEDENVKTTAKLIVEGAVVEFVKELQDIEVPESYSGELECIVSPENIEGKWYHNDVELKSNGKYTITSRRGRQNLTVKDVTKEDQGEYSFVIDGKKTTCKLKMKPRPIAILQGLSDQKVCEGDIVQLEVKVSLESVEGVWMKDGQEVQPSDRVHIVIDKQSHMLLIEDMTKEDAGNYSFTIPALGLSTSGRVSVYSVDVITPLKDVNVIEGTKAVLECKVSVPDVTSVKWYLNDEQIKPDDRVQAIVKGTKQRLVINRTHASDEGPYKLIVGRVETNCNLSVEKIKIIRGLRDLTCTETQNVVFEVELSHSGIDVLWNFKDKEIKPSSKYKIEAHGKIYKLTVLNMMKDDEGKYTFYAGENMTSGKLTVAGGAISKPLTDQTVAESQEAVFECEVANPDSKGEWLRDGKHLPLTNNIRSESDGHKRRLIIAATKLDDIGEYTYKVATSKTSAKLKVEAVKIKKTLKNLTVTETQDAVFTVELTHPNVKGVQWIKNGVVLESNEKYAISVKGTIYSLRIKNCAIVDESVYGFRLGRLGASARLHVETVKIIKKPKDVTALENATVAFEVSVSHDTVPVKWFHKSVEIKPSDKHRLVSERKVHKLMLQNISPSDAGEYTAVVGQLECKAKLFVETLHITKTMKNIEVPETKTASFECEVSHFNVPSMWLKNGVEIEMSEKFKIVVQGKLHQLIIMNTSTEDSAEYTFVCGNDQVSATLTVTPIMITSMLKDINAEEKDTITFEVTVNYEGISYKWLKNGVEIKSTDKCQMRTKKLTHSLNIRNVHFGDAADYTFVAGKATSTATLYVEARHIEFRKHIKDIKVLEKKRAMFECEVSEPDITVQWMKDDQELQITDRIKIQKEKYVHRLLIPSTRMSDAGKYTVVAGGNVSTAKLFVEGRDVRIRSIKKEVQVIEKQRAVVEFEVNEDDVDAHWYKDGIEINFQVQERHKYVVERRIHRMFISETRQSDAGEYTFVAGRNRSSVTLYVNAPEPPQVLQELQPVTVQSGKPARFCAVISGRPQPKISWYKEEQLLSTGFKCKFLHDGQEYTLLLIEAFPEDAAVYTCEAKNDYGVATTSASLSVEVPEVVSPDQEMPVYPPAIITPLQDTVTSEGQPARFQCRVSGTDLKVSWYSKDKKIKPSRFFRMTQFEDTYQLEIAEAYPEDEGTYTFVASNAVGQVSSTANLSLEAPESILHERIEQEIEMEMKEFSSSFLSAEEEGLHSAELQLSKINETLELLSESPVYPTKFDSEKEGTGPIFIKEVSNADISMGDVATLSVTVIGIPKPKIQWFFNGVLLTPSADYKFVFDGDDHSLIILFTKLEDEGEYTCMASNDYGKTICSAYLKINSKGEGHKDTETESAVAKSLEKLGGPCPPHFLKELKPIRCAQGLPAIFEYTVVGEPAPTVTWFKENKQLCTSVYYTIIHNPNGSGTFIVNDPQREDSGLYICKAENMLGESTCAAELLVLLEDTDMTDTPCKAKSTPEAPEDFPQTPLKGPAVEALDSEQEIATFVKDTILKAALITEENQQLSYEHIAKANELSSQLPLGAQELQSILEQDKLTPESTREFLCINGSIHFQPLKEPSPNLQLQIVQSQKTFSKEGILMPEEPETQAVLSDTEKIFPSAMSIEQINSLTVEPLKTLLAEPEGNYPQSSIEPPMHSYLTSVAEEVLSPKEKTVSDTNREQRVTLQKQEAQSALILSQSLAEGHVESLQSPDVMISQVNYEPLVPSEHSCTEGGKILIESANPLENAGQDSAVRIEEGKSLRFPLALEEKQVLLKEEHSDNVVMPPDQIIESKREPVAIKKVQEVQGRDLLSKESLLSGIPEEQRLNLKIQICRALQAAVASEQPGLFSEWLRNIEKVEVEAVNITQEPRHIMCMYLVTSAKSVTEEVTIIIEDVDPQMANLKMELRDALCAIIYEEIDILTAEGPRIQQGAKTSLQEEMDSFSGSQKVEPITEPEVESKYLISTEEVSYFNVQSRVKYLDATPVTKGVASAVVSDEKQDESLKPSEEKEESSSESGTEEVATVKIQEAEGGLIKEDGPMIHTPLVDTVSEEGDIVHLTTSITNAKEVNWYFENKLVPSDEKFKCLQDQNTYTLVIDKVNTEDHQGEYVCEALNDSGKTATSAKLTVVKRAAPVIKRKIEPLEVALGHLAKFTCEIQSAPNVRFQWFKAGREIYESDKCSIRSSKYISSLEILRTQVVDCGEYTCKASNEYGSVSCTATLTVTEAYPPTFLSRPKSLTTFVGKAAKFICTVTGTPVIETIWQKDGAALSPSPNWRISDAENKHILELSNLTIQDRGVYSCKASNKFGADICQAELIIIDKPHFIKELEPVQSAINKKVHLECQVDEDRKVTVTWSKDGQKLPPGKDYKICFEDKIATLEIPLAKLKDSGTYVCTASNEAGSSSCSATVTVREPPSFVKKVDPSYLMLPGESARLHCKLKGSPVIQVTWFKNNKELSESNTVRMYFVNSEAILDITDVKVEDSGSYSCEAVNDVGSDSCSTEIVIKEPPSFIKTLEPADIVRGTNALLQCEVSGTGPFEISWFKDKKQIRSSKKYRLFSQKSLVCLEIFSFNSADVGEYECVVANEVGKCGCMATHLLKEPPTFVKKVDDLIALGGQTVTLQAAVRGSEPISVTWMKGQEVIREDGKIKMSFSNGVAVLIIPDVQISFGGKYTCLAENEAGSQTSVGELIVKEPAKIIERAELIQVTAGDPATLEYTVAGTPELKPKWYKDGRPLVASKKYRISFKNNVAQLKFYSAELHDSGQYTFEISNEVGSSSCETTFTVLDRDIAPFFTKPLRNVDSVVNGTCRLDCKIAGSLPMRVSWFKDGKEIAASDRYRIAFVEGTASLEIIRVDMNDAGNFTCRATNSVGSKDSSGALIVQEPPSFVTKPGSKDVLPGSAVCLKSTFQGSTPLTIRWFKGNKELVSGGSCYITKEALESSLELYLVKTSDSGTYTCKVSNVAGGVECSANLFVKEPATFVEKLEPSQLLKKGDATQLACKVTGTPPIKITWFANDREIKESSKHRMSFVESTAVLRLTDVGIEDSGEYMCEAQNEAGSDHCSSIVIVKESPYFTKEFKPIEVLKEYDVMLLAEVAGTPPFEITWFKDNTILRSGRKYKTFIQDHLVSLQILKFVAADAGEYQCRVTNEVGSSICSARVTLREPPSFIKKIESTSSLRGGTAAFQATLKGSLPITVTWLKDSDEITEDDNIRMTFENNVASLYLSGIEVKHDGKYVCQAKNDAGIQRCSALLSVKEPATITEEAVSIDVTQGDPATLQVKFSGTKEITAKWFKDGQELTLGSKYKISVTDTVSILKIISTEKKDSGEYTFEVQNDVGRSSCKARINVLDLIIPPSFTKKLKKMDSIKGSFIDLECIVAGSHPISIQWFKDDQEISASEKYKFSFHDNTAFLEISQLEGTDSGTYTCSATNKAGHNQCSGHLTVKEPPYFVEKPQSQDVNPNTRVQLKALVGGTAPMTIKWFKDNKELHSGAARSVWKDDTSTSLELFAAKATDSGTYICQLSNDVGTATSKATLFVKEPPQFIKKPSPVLVLRNGQSTTFECQITGTPKIRVSWYLDGNEITAIQKHGISFIDGLATFQISGARVENSGTYVCEARNDAGTASCSIELKVKEPPTFIRELKPVEVVKYSDVELECEVTGTPPFEVTWLKNNREIRSSKKYTLTDRVSVFNLHITKCDPSDTGEYQCIVSNEGGSCSCSTRVALKEPPSFIKKIENTTTVLKSSATFQSTVAGSPPISITWLKDDQILDEDDNVYISFVDSVATLQIRSVDNGHSGRYTCQAKNESGVERCYAFLLVQEPAQIVEKAKSVDVTEKDPMTLECVVAGTPELKVKWLKDGKQIVPSRYFSMSFENNVASFRIQSVMKQDSGQYTFKVENDFGSSSCDAYLRVLDQNIPPSFTKKLTKMDKVLGSSIHMECKVSGSLPISAQWFKDGKEISTSAKYRLVCHERSVSLEVNNLELEDTANYTCKVSNVAGDDACSGILTVKEPPSFLVKPGRQQAIPDSTVEFKAILKGTPPFKIKWFKDDVELVSGPKCFIGLEGSTSFLNLYSVDASKTGQYTCHVTNDVGSDSCTTMLLVTEPPKFVKKLEASKIVKAGDSSRLECKIAGSPEIRVVWFRNEHELPASDKYRMTFIDSVAVIQMNNLSTEDSGDFICEAQNPAGSTSCSTKVIVKEPPVFSSFPPIVETLKNAEVSLECELSGTPPFEVVWYKDKRQLRSSKKYKIASKNFHTSIHILNVDTSDIGEYHCKAQNEVGSDTCVCTVKLKEPPRFVSKLNSLTVVAGEPAELQASIEGAQPIFVQWLKEKEEVIRESENIRITFVENVATLQFAKAEPANAGKYICQIKNDGGMRENMATLMVLEPAVIVEKAGPMTVTVGETCTLECKVAGTPELSVEWYKDGKLLTSSQKHKFSFYNKISSLRILSVERQDAGTYTFQVQNNVGKSSCTAVVDVSDRAVPPSFTRRLKNTGGVLGASCILECKVAGSSPISVAWFHEKTKIVSGAKYQTTFSDNVCTLQLNSLDSSDMGNYTCVAANVAGSDECRAVLTVQEPPSFVKEPEPLEVLPGKNVTFTSVIRGTPPFKVNWFRGARELVKGDRCNIYFEDTVAELELFNIDISQSGEYTCVVSNNAGQASCTTRLFVKEPAAFLKRLSDHSVEPGKSIILESTYTGTLPISVTWKKDGFNITTSEKCNIVTTEKTCILEILNSTKRDAGQYSCEIENEAGRDVCGALVSTLEPPYFVTELEPLEAAVGDSVSLQCQVAGTPEITVSWYKGDTKLRPTPEYRTYFTNNVATLVFNKVNINDSGEYTCKAENSIGTASSKTVFRIQERQLPPSFARQLKDIEQTVGLPVTLTCRLNGSAPIQVCWYRDGVLLRDDENLQTSFVDNVATLKILQTDLSHSGQYSCSASNPLGTASSSARLTAREPKKSPFFDIKPVSIDVIAGESADFECHVTGAQPMRITWSKDNKEIRPGGNYTITCVGNTPHLRILKVGKGDSGQYTCQATNDVGKDMCSAQLSVKEPPKFVKKLEASKVAKQGESIQLECKISGSPEIKVSWFRNDSELHESWKYNMSFINSVALLTINEASAEDSGDYICEAHNGVGDASCSTALTVKAPPVFTQKPSPVGALKGSDVILQCEISGTPPFEVVWVKDRKQVRNSKKFKITSKHFDTSLHILNLEASDVGEYHCKATNEVGSDTCSCSVKFKEPPRFVKKLSDTSTLIGDAVELRAIVEGFQPISVVWLKDRGEVIRESENTRISFIDNIATLQLGSPEASNSGKYICQIKNDAGMRECSAVLTVLEPARIIEKPEPMTVTTGNPFALECVVTGTPELSAKWFKDGRELSADSKHHITFINKVASLKIPCAEMSDKGLYSFEVKNSVGKSNCTVSVHVSDRIVPPSFIRKLKDVNAILGASVVLECRVSGSAPISVGWFQDGNEIVSGPKCQSSFSENVCTLNLSLLEPSDTGIYTCVAANVAGSDECSAVLTVQEPPSFEQTPDSVEVLPGMSLTFTSVIRGTPPFKVKWFKGSRELVPGESCNISLEDFVTELELFEVQPLESGDYSCLVTNDAGSASCTTHLFVKEPATFVKRLADFSVETGSPIVLEATYTGTPPISVSWIKDEYLISQSERCSITMTEKSTILEILESTIEDYAQYSCLIENEAGQDICEALVSVLEPPYFIEPLEHVEAVIGEPATLQCKVDGTPEIRISWYKEHTKLRSAPAYKMQFKNNVASLVINKVDHSDVGEYSCKADNSVGAVASSAVLVIKARKLPPFFARKLKDVHETLGFPVAFECRINGSEPLQVSWYKDGVLLKDDANLQTSFVHNVATLQILQTDQSHIGQYNCSASNPLGTASSSAKLILSEHEVPPFFDLKPVSVDLALGESGTFKCHVTGTAPIKITWAKDNREIRPGGNYKMTLVENTATLTVLKVGKGDAGQYTCYASNIAGKDSCSAQLGVQEPPRFIKKLEPSRIVKQDEFTRYECKIGGSPEIKVLWYKDETEIQESSKFRMSFVDSVAVLEMHNLSVEDSGDYTCEAHNAAGSASSSTSLKVKEPPIFRKKPHPIETLKGADVHLECELQGTPPFHVSWYKDKRELRSGKKYKIMSENFLTSIHILNVDAADIGEYQCKATNDVGSDTCVGSIALKAPPRFVKKLSDISTVVGKEVQLQTTIEGAEPISVVWFKDKGEIVRESDNIWISYSENIATLQFSRVEPANAGKYTCQIKNDAGMQECFATLSVLEPATIVEKPESIKVTTGDTCTLECTVAGTPELSTKWFKDGKELTSDNKYKISFFNKVSGLKIINVAPSDSGVYSFEVQNPVGKDSCTASLQVSDRTVPPSFTRKLKETNGLSGSSVVMECKVYGSPPISVSWFHEGNEISSGRKYQTTLTDNTCALTVNMLEESDSGDYTCIATNMAGSDECSAPLTVREPPSFVQKPDPMDVLTGTNVTFTSIVKGTPPFSVSWFKGSSELVPGDRCNVSLEDSVAELELFDVDTSQSGEYTCIVSNEAGKASCTTHLYIKAPAKFVKRLNDYSIEKGKPLILEGTFTGTPPISVTWKKNGINVTPSQRCNITTTEKSAILEIPSSTVEDAGQYNCYIENASGKDSCSAQILILEPPYFVKQLEPVKVSVGDSASLQCQLAGTPEIGVSWYKGDTKLRPTTTYKMHFRNNVATLVFNQVDINDSGEYICKAENSVGEVSASTFLTVQEQKLPPSFSRQLRDVQETVGLPVVFDCAISGSEPISVSWYKDGKPLKDSPNVQTSFLDNTATLNIFKTDRSLAGQYSCTATNPIGSASSSARLILTEGKNPPFFDIRLAPVDAVVGESADFECHVTGTQPIKVSWAKDSREIRSGGKYQISYLENSAHLTVLKVDKGDSGQYTCYAVNEVGKDSCTAQLNIKERLIPPSFTKRLSETVEETEGNSFKLEGRVAGSQPITVAWYKNNIEIQPTSNCEITFKNNTLVLQVRKAGMNDAGLYTCKVSNDAGSALCTSSIVIKEPKKPPVFDQHLTPVTVSEGEYVQLSCHVQGSEPIRIQWLKAGREIKPSDRCSFSFASGTAVLELRDVAKADSGDYVCKASNVAGSDTTKSKVTIKDKPAVAPATKKAAVDGRLFFVSEPQSIRVVEKTTATFIAKVGGDPIPNVKWTKGKWRQLNQGGRVFIHQKGDEAKLEIRDTTKTDSGLYRCVAFNEHGEIESNVNLQVDERKKQEKIEGDLRAMLKKTPILKKGAGEEEEIDIMELLKNVDPKEYEKYARMYGITDFRGLLQAFELLKQSQEEETHRLEIEEIERSERDEKEFEELVSFIQQRLSQTEPVTLIKDIENQTVLKDNDAVFEIDIKINYPEIKLSWYKGTEKLEPSDKFEISIDGDRHTLRVKNCQLKDQGNYRLVCGPHIASAKLTVIEPAWERHLQDVTLKEGQTCTMTCQFSVPNVKSEWFRNGRILKPQGRHKTEVEHKVHKLTIADVRAEDQGQYTCKYEDLETSAELRIEAEPIQFTKRIQNIVVSEHQSATFECEVSFDDAIVTWYKGPTELTESQKYNFRNDGRCHYMTIHNVTPDDEGVYSVIARLEPRGEARSTAELYLTTKEIKLELKPPDIPDSRVPIPTMPIRAVPPEEIPPVVAPPIPLLLPTPEEKKPPPKRIEVTKKAVKKDAKKVVAKPKEMTPREEIVKKPPPPTTLIPAKAPEIIDVSSKAEEVKIMTITRKKEVQKEKEAVYEKKQAVHKEKRVFIESFEEPYDELEVEPYTEPFEQPYYEEPDEDYEEIKVEAKKEVHEEWEEDFEEGQEYYEREEGYDEGEEEWEEAYQEREVIQVQKEVYEESHERKVPAKVPEKKAPPPPKVIKKPVIEKIEKTSRRMEEEKVQVTKVPEVSKKIVPQKPSRTPVQEEVIEVKVPAVHTKKMVISEEKMFFASHTEEEVSVTVPEVQKEIVTEEKIHVAISKRVEPPPKVPELPEKPAPEEVAPVPIPKKVEPPAPKVPEVPKKPVPEEKKPVPVPKKEPAAPPKVPEVPKKPVPEEKIPVPVAKKKEAPPAKVPEVQKGVVTEEKITIVTQREESPPPAVPEIPKKKVPEERKPVPRKEEEVPPPPKVPALPKKPVPEEKVAVPVPVAKKAPPPRAEVSKKTVVEEKRFVAEEKLSFAVPQRVEVTRHEVSAEEEWSYSEEEEGVSISVYREEEREEEEEAEVTEYEVMEEPEEYVVEEKLHIISKRVEAEPAEVTERQEKKIVLKPKIPAKIEEPPPAKVPEAPKKIVPEKKVPAPVPKKEKVPPPKVPEEPKKPVPEKKVPPKVIKMEEPLPAKVTERHMQITQEEKVLVAVTKKEAPPKARVPEEPKRAVPEEKVLKLKPKREEEPPAKVTEFRKRVVKEEKVSIEAPKREPQPIKEVTIMEEKERAYTLEEEAVSVQREEEYEEYEEYDYKEFEEYEPTEEYDQYEEYEEREYERYEEHEEYITEPEKPIPVKPVPEEPVPTKPKAPPAKVLKKAVPEEKVPVPIPKKLKPPPPKVPEEPKKVFEEKIRISITKREKEQVTEPAAKVPMKPKRVVAEEKVPVPRKEVAPPVRVPEVPKELEPEEVAFEEEVVTHVEEYLVEEEEEYIHEEEEFITEEEVVPVIPVKVPEVPRKPVPEEKKPVPVPKKKEAPPAKVPEVPKKPEEKVPVLIPKKEKPPPAKVPEVPKKPVPEEKVPVPVPKKVEAPPAKVPEVPKKPVPEKKVPVPAPKKVEAPPAKVPEVPKKLIPEEKKPTPVPKKVEAPPPKVPKKREPVPVPVALPQEEEVLFEEEIVPEEEVLPEEEEVLPEEEEVLPEEEEVLPEEEEIPPEEEEVPPEEEYVPEEEEFVPEEEVLPEVKPKVPVPAPVPEIKKKVTEKKVVIPKKEEAPPAKVPEVPKKVEEKRIILPKEEEVLPVEVTEEPEEEPISEEEIPEEPPSIEEVEEVAPPRVPEVIKKAVPEAPTPVPKKVEAPPAKVSKKIPEEKVPVPVQKKEAPPAKVPEVPKKVPEKKVLVPKKEAVPPAKGRTVLEEKVSVAFRQEVVVKERLELEVVEAEVEEIPEEEEFHEVEEYFEEGEFHEVEEFIKLEQHRVEEEHRVEKVHRVIEVFEAEEVEVFEKPKAPPKGPEISEKIIPPKKPPTKVVPRKEPPAKVPEVPKKIVVEEKVRVPEEPRVPPTKVPEVLPPKEVVPEKKVPVPPAKKPEAPPPKVPEAPKEVVPEKKVPVPPPKKPEVPPTKVPEVPKAAVPEKKVPEAIPPKPESPPPEVPEAPKEVVPEKKVPAAPPKKPEVTPVKVPEAPKEVVPEKKVPVPPPKKPEVPPTKVPEVPKVAVPEKKVPEAIPPKPESPPPEVFEEPEEVALEEPPAEVVEEPEPAAPPQVTVPPKKPVPEKKAPAVVAKKPELPPVKVPEVPKEVVPEKKVPLVVPKKPEAPPAKVPEVPKEVVPEKKVAVPKKPEVPPAKVPEVPKKPVLEEKPAVPVPERAESPPPEVYEEPEEIAPEEEIAPEEEKPVPVAEEEEPEVPPPAVPEEPKKIIPEKKVPVIKKPEAPPPKEPEPEKVIEKPKLKPRPPPPPPAPPKEDVKEKIFQLKAIPKKKVPEKPQVPEKVELTPLKVPGGEKKVRKLLPERKPEPKEEVVLKSVLRKRPEEEEPKVEPKKLEKVKKPAVPEPPPPKPVEEVEVPTVTKRERKIPEPTKVPEIKPAIPLPAPEPKPKPEAEVKTIKPPPVEPEPTPIAAPVTVPVVGKKAEAKAPKEEAAKPKGPIKGVPKKTPSPIEAERRKLRPGSGGEKPPDEAPFTYQLKAVPLKFVKEIKDIILTESEFVGSSAIFECLVSPSTAITTWMKDGSNIRESPKHRFIADGKDRKLHIIDVQLSDAGEYTCVLRLGNKEKTSTAKLVVEELPVRFVKTLEEEVTVVKGQPLYLSCELNKERDVVWRKDGKIVVEKPGRIVPGVIGLMRALTINDADDTDAGTYTVTVENANNLECSSCVKVVEVIRDWLVKPIRDQHVKPKGTAIFACDIAKDTPNIKWFKGYDEIPAEPNDKTEILRDGNHLYLKIKNAMPEDIAEYAVEIEGKRYPAKLTLGEREVELLKPIEDVTIYEKESASFDAEISEADIPGQWKLKGELLRPSPTCEIKAEGGKRFLTLHKVKLDQAGEVLYQALNAITTAILTVKEIELDFAVPLKDVTVPERRQARFECVLTREANVIWSKGPDIIKSSDKFDIIADGKKHILVINDSQFDDEGVYTAEVEGKKTSARLFVTGIRLKFMSPLEDQTVKEGETATFVCELSHEKMHVVWFKNDAKLHTSRTVLISSEGKTHKLEMKEVTLDDISQIKAQVKELSSTAQLKVLEADPYFTVKLHDKTAVEKDEITLKCEVSKDVPVKWFKDGEEIVPSPKYSIKADGLRRILKIKKADLKDKGEYVCDCGTDKTKANVTVEARLIKVEKPLYGVEVFVGETAHFEIELSEPDVHGQWKLKGQPLTASPDCEIIEDGKKHILILHNCQLGMTGEVSFQAANAKSAANLKVKELPLIFITPLSDVKVFEKDEAKFECEVSREPKTFRWLKGTQEITGDDRFELIKDGTKHSMVIKSAAFEDEAKYMFEAEDKHTSGKLIIEGIRLKFLTPLKDVTAKEKESAVFTVELSHDNIRVKWFKNDQRLHTTRSVSMQDEGKTHSITFKDLSIDDTSQIRVEAMGMSSEAKLTVLEGDPYFTGKLQDYTGVEKDEVILQCEISKADAPVKWFKDGKEIKPSKNAVIKADGKKRMLILKKALKSDIGQYTCDCGTDKTSGKLDIEDREIKLVRPLHSVEVMETETARFETEISEDDIHANWKLKGEALLQTPDCEIKEEGKIHSLVLHNCRLDQTGGVDFQAANVKSSAHLRVKPRVIGLLRPLKDVTVTAGETATFDCELSYEDIPVEWYLKGKKLEPSDKVVPRSEGKVHTLTLRDVKLEDAGEVQLTAKDFKTHANLFVKEPPVEFTKPLEDQTVEEGATAVLECEVSRENAKVKWFKNGTEILKSKKYEIVADGRVRKLVIHDCTPEDIKTYTCDAKDFKTSCNLNVVPPHVEFLRPLTDLQVREKEMARFECELSRENAKVKWFKDGAEIKKGKKYDIISKGAVRILVINKCLLDDEAEYSCEVRTARTSGMLTVLEEEAVFTKNLANIEVSETDTIKLVCEVSKPGAEVIWYKGDEEIIETGRYEILTEGRKRILVIQNAHLEDAGNYNCRLPSSRTDGKVKVHELAAEFISKPQNLEILEGEKAEFVCSISKESFPVQWKRDDKTLESGDKYDVIADGKKRVLVVKDATLQDMGTYVVMVGAARAAAHLTVIEKLRIVVPLKDTRVKEQQEVVFNCEVNTEGAKAKWFRNEEAIFDSSKYIILQKDLVYTLRIRDAHLDDQANYNVSLTNHRGENVKSAANLIVEEEDLRIVEPLKDIETMEKKSVTFWCKVNRLNVTLKWTKNGEEVPFDNRVSYRVDKYKHMLTIKDCGFPDEGEYIVTAGQDKSVAELLIIEAPTEFVEHLEDQTVTEFDDAVFSCQLSREKANVKWYRNGREIKEGKKYKFEKDGSIHRLIIKDCRLDDECEYACGVEDRKSRARLFVEEIPVEIIRPPQDILEAPGADVVFLAELNKDKVEVQWLRNNMVVVQGDKHQMMSEGKIHRLQICDIKPRDQGEYRFIAKDKEARAKLELAAAPKIKTADQDLVVDVGKPLTMVVPYDAYPKAEAEWFKENEPLSTKTIDTTAEQTSFRILEAKKGDKGRYKIVLQNKHGKAEGFINLKVIDVPGPVRNLEVTETFDGEVSLAWEEPLTDGGSKIIGYVVERRDIKRKTWVLATDRAESCEFTVTGLQKGGVEYLFRVSARNRVGTGEPVETDNPVEARSKYDVPGPPLNVTITDVNRFGVSLTWEPPEYDGGAEITNYVIELRDKTSIRWDTAMTVRAEDLSATVTDVVEGQEYSFRVRAQNRIGVGKPSAATPFVKVADPIERPSPPVNLTSSDQTQSSVQLKWEPPLKDGGSPILGYIIERCEEGKDNWIRCNMKLVPELTYKVTGLEKGNKYLYRVSAENKAGVSDPSEILGPLTADDAFVEPTMDLSAFKDGLEVIVPNPITILVPSTGYPRPTATWCFGDKVLETGDRVKMKTLSAYAELVISPSERSDKGIYTLKLENRVKTISGEIDVNVIARPSAPKELKFGDITKDSVHLTWEPPDDDGGSPLTGYVVEKREVSRKTWTKVMDFVTDLEFTVPDLVQGKEYLFKVCARNKCGPGEPAYVDEPVNMSTPATVPDPPENVKWRDRTANSIFLTWDPPKNDGGSRIKGYIVERCPRGSDKWVACGEPVAETKMEVTGLEEGKWYAYRVKALNRQGASKPSRPTEEIQAVDTQEAPEIFLDVKLLAGLTVKAGTKIELPATVTGKPEPKITWTKADMILKQDKRITIENVPKKSTVTIVDSKRSDTGTYIIEAVNVCGRATAVVEVNVLDKPGPPAAFDITDVTNESCLLTWNPPRDDGGSKITNYVVERRATDSEVWHKLSSTVKDTNFKATKLIPNKEYIFRVAAENMYGVGEPVQASPITAKYQFDPPGPPTRLEPSDITKDAVTLTWCEPDDDGGSPITGYWVERLDPDTDKWVRCNKMPVKDTTYRVKGLTNKKKYRFRVLAENLAGPGKPSKSTEPILIKDPIDPPWPPGKPTVKDVGKTSVRLNWTKPEHDGGAKIESYVIEMLKTGTDEWVRVAEGVPTTQHLLPGLMEGQEYSFRVRAVNKAGESEPSEPSDPVLCREKLYPPSPPRWLEVINITKNTADLKWTVPEKDGGSPITNYIVEKRDVRRKGWQTVDTTVKDTKCTVTPLTEGSLYVFRVAAENAIGQSDYTEIEDSVLAKDTFTTPGPPYALAVVDVTKRHVDLKWEPPKNDGGRPIQRYVIEKKERLGTRWVKAGKTAGPDCNFRVTDVIEGTEVQFQVRAENEAGVGHPSEPTEILSIEDPTSPPSPPLDLHVTDAGRKHIAIAWKPPEKNGGSPIIGYHVEMCPVGTEKWMRVNSRPIKDLKFKVEEGVVPDKEYVLRVRAVNAIGVSEPSEISENVVAKDPDCKPTIDLETHDIIVIEGEKLSIPVPFRAVPVPTVSWHKDGKEVKASDRLTMKNDHISAHLEVPKSVRADAGIYTITLENKLGSATASINVKVIGLPGPCKDIKASDITKSSCKLTWEPPEFDGGTPILHYVLERREAGRRTYIPVMSGENKLSWTVKDLIPNGEYFFRVKAVNKVGGGEYIELKNPVIAQDPKQPPDPPVDVEVHNPTAEAMTITWKPPLYDGGSKIMGYIIEKIAKGEERWKRCNEHLVPILTYTAKGLEEGKEYQFRVRAENAAGISEPSRATPPTKAVDPIDAPKVILRTSLEVKRGDEIALDASISGSPYPTITWIKDENVIVPEEIKKRAAPLVRRRKGEVQEEEPFVLPLTQRLSIDNSKKGESQLRVRDSLRPDHGLYMIKVENDHGIAKAPCTVSVLDTPGPPINFVFEDIRKTSVLCKWEPPLDDGGSEIINYTLEKKDKTKPDSEWIVVTSTLRHCKYSVTKLIEGKEYLFRVRAENRFGPGPPCVSKPLVAKDPFGPPDAPDKPIVEDVTSNSMLVKWNEPKDNGSPILGYWLEKREVNSTHWSRVNKSLLNALKANVDGLLEGLTYVFRVCAENAAGPGKFSPPSDPKTAHDPISPPGPPIPRVTDTSSTTIELEWEPPAFNGGGEIVGYFVDKQLVGTNEWSRCTEKMIKVRQYTVKEIREGADYKLRVSAVNAAGEGPPGETQPVTVAEPQEPPAVELDVSVKGGIQIMAGKTLRIPAVVTGRPVPTKVWTKEEGELDKDRVVIDNVGTKSELIIKDALRKDHGRYVITATNSCGSKFAAARVEVFDVPGPVLDLKPVVTNRKMCLLNWSDPEDDGGSEITGFIIERKDAKMHTWRQPIETERSKCDITGLLEGQEYKFRVIAKNKFGCGPPVEIGPILAVDPLGPPTSPERLTYTERTKSTITLDWKEPRSNGGSPIQGYIIEKRRHDKPDFERVNKRLCPTTSFLVENLDEHQMYEFRVKAVNEIGESEPSLPLNVVIQDDEVPPTIKLRLSVRGDTIKVKAGEPVHIPADVTGLPMPKIEWSKNETVIEKPTDALQITKEEVSRSEAKTELSIPKAVREDKGTYTVTASNRLGSVFRNVHVEVYDRPSPPRNLAVTDIKAESCYLTWDAPLDNGGSEITHYVIDKRDASRKKAEWEEVTNTAVEKRYGIWKLIPNGQYEFRVRAVNKYGISDECKSDKVVIQDPYRLPGPPGKPKVLARTKGSMLVSWTPPLDNGGSPITGYWLEKREEGSPYWSRVSRAPITKVGLKGVEFNVPRLLEGVKYQFRAMAINAAGIGPPSEPSDPEVAGDPIFPPGPPSCPEVKDKTKSSISLGWKPPAKDGGSPIKGYIVEMQEEGTTDWKRVNEPDKLITTCECVVPNLKELRKYRFRVKAVNEAGESEPSDTTGEIPATDIQEEPEVFIDIGAQDCLVCKAGSQIRIPAVIKGRPTPKSSWEFDGKAKKAMKDGVHDIPEDAQLETAENSSVIIIPECKRSHTGKYSITAKNKAGQKTANCRVKVMDVPGPPKDLKVSDITRGSCRLSWKMPDDDGGDRIKGYVIEKRTIDGKAWTKVNPDCGSTTFVVPDLLSEQQYFFRVRAENRFGIGPPVETIQRTTARDPIYPPDPPIKLKIGLITKNTVHLSWKPPKNDGGSPVTHYIVECLAWDPTGTKKEAWRQCNKRDVEELQFTVEDLVEGGEYEFRVKAVNAAGVSKPSATVGPVTVKDQTCPPSIDLKEFMEVEEGTNVNIVAKIKGVPFPTLTWFKAPPKKPDNKEPVLYDTHVNKLVVDDTCTLVIPQSRRSDTGLYTITAVNNLGTASKEMRLNVLGRPGPPVGPIKFESVSADQMTLSWFPPKDDGGSKITNYVIEKREANRKTWVHVSSEPKECTYTIPKLLEGHEYVFRIMAQNKYGIGEPLDSEPETARNLFSVPGAPDKPTVSSVTRNSMTVNWEEPEYDGGSPVTGYWLEMKDTTSKRWKRVNRDPIKAMTLGVSYKVTGLIEGSDYQFRVYAINAAGVGPASLPSDPATARDPIAPPGPPFPKVTDWTKSSADLEWSPPLKDGGSKVTGYIVEYKEEGKEEWEKGKDKEVRGTKLVVTGLKEGAFYKFRVRAVNIAGIGEPGEVTDVIEMKDRLVSPDLQLDASVRDRIVVHAGGVIRIIAYVSGKPPPTVTWNMNERTLPQEATIETTAISSSMVIKNCQRSHQGVYSLLAKNEAGERKKTIIVDVLDVPGPVGTPFLAHNLTNESCKLTWFSPEDDGGSPITNYVIEKRESDRRAWTPVTYTVTRQNATVQGLIQGKAYFFRIAAENSIGMGPFVETSEALVIREPITVPERPEDLEVKEVTKNTVTLTWNPPKYDGGSEIINYVLESRLIGTEKFHKVTNDNLLSRKYTVKGLKEGDTYEYRVSAVNIVGQGKPSFCTKPITCKDELAPPTLHLDFRDKLTIRVGEAFALTGRYSGKPKPKVSWFKDEADVLEDDRTHIKTTPATLALEKIKAKRSDSGKYCVVVENSTGSRKGFCQVNVVDRPGPPVGPVSFDEVTKDYMVISWKPPLDDGGSKITNYIIEKKEVGKDVWMPVTSASAKTTCKVSKLLEGKDYIFRIHAENLYGISDPLVSDSMKAKDRFRVPDAPDQPIVTEVTKDSALVTWNKPHDGGKPITNYILEKRETMSKRWARVTKDPIHPYTKFRVPDLLEGCQYEFRVSAENEIGIGDPSPPSKPVFAKDPIAKPSPPVNPEAIDTTCNSVDLTWQPPRHDGGSKILGYIVEYQKVGDEEWRRANHTPESCPETKYKVTGLRDGQTYKFRVLAVNAAGESDPAHVPEPVLVKDRLEPPELILDANMAREQHIKVGDTLRLSAIIKGVPFPKVTWKKEDRDAPTKARIDVTPVGSKLEIRNAAHEDGGIYSLTVENPAGSKTVSVKVLVLDKPGPPRDLEVSEIRKDSCYLTWKEPLDDGGSVITNYVVERRDVASAQWSPLSATSKKKSHFAKHLNEGNQYLFRVAAENQYGRGPFVETPKPIKALDPLHPPGPPKDLHHVDVDKTEVSLVWNKPDRDGGSPITGYLVEYQEEGTQDWIKFKTVTNLECVVTGLQQGKTYRFRVKAENIVGLGLPDTTIPIECQEKLVPPSVELDVKLIEGLVVKAGTTVRFPAIIRGVPVPTAKWTTDGSEIKTDEHYTVETDNFSSVLTIKNCLRRDTGEYQITVSNAAGSKTVAVHLTVLDVPGPPTGPINILDVTPEHMTISWQPPKDDGGSPVINYIVEKQDTRKDTWGVVSSGSSKTKLKIPHLQKGCEYVFRVRAENKIGVGPPLDSTPTVAKHKFSPPSPPGKPVVTDITENAATVSWTLPKSDGGSPITGYYMERREVTGKWVRVNKTPIADLKFRVTGLYEGNTYEFRVFAENLAGLSKPSPSSDPIKACRPIKPPGPPINPKLKDKSRETADLVWTKPLSDGGSPILGYVVECQKPGTAQWNRINKDELIRQCAFRVPGLIEGNEYRFRIKAANIVGEGEPRELAESVIAKDILHPPEVELDVTCRDVITVRVGQTIRILARVKGRPEPDITWTKEGKVLVREKRVDLIQDLPRVELQIKEAVRADHGKYIISAKNSSGHAQGSAIVNVLDRPGPCQNLKVTNVTKENCTISWENPLDNGGSEITNFIVEYRKPNQKGWSIVASDVTKRLIKANLLANNEYYFRVCAENKVGVGPTIETKTPILAINPIDRPGEPENLHIADKGKTFVYLKWRRPDYDGGSPNLSYHVERRLKGSDDWERVHKGSIKETHYMVDRCVENQIYEFRVQTKNEGGESDWVKTEEVVVKEDLQKPVLDLKLSGVLTVKAGDTIRLEAGVRGKPFPEVAWTKDKDATDLTRSPRVKIDTRADSSKFSLTKAKRSDGGKYVVTATNTAGSFVAYATVNVLDKPGPVRNLKIVDVSSDRCTVCWDPPEDDGGCEIQNYILEKCETKRMVWSTYSATVLTPGTTVTRLIEGNEYIFRVRAENKIGTGPPTESKPVIAKTKYDKPGRPDPPEVTKVSKEEMTVVWNPPEYDGGKSITGYFLEKKEKHSTRWVPVNKSAIPERRMKVQNLLPDHEYQFRVKAENEIGIGEPSLPSRPVVAKDPIEPPGPPTNFRVVDTTKHSITLGWGKPVYDGGAPIIGYVVEMRPKIADASPDEGWKRCNAAAQLVRKEFTVTSLDENQEYEFRVCAQNQVGIGRPAELKEAIKPKEILEPPEIDLDASMRKLVIVRAGCPIRLFAIVRGRPAPKVTWRKVGIDNVVRKGQVDLVDTMAFLVIPNSTRDDSGKYSLTLVNPAGEKAVFVNVRVLDTPGPVSDLKVSDVTKTSCHVSWAPPENDGGSQVTHYIVEKREADRKTWSTVTPEVKKTSFHVTNLVPGNEYYFRVTAVNEYGPGVPTDVPKPVLASDPLSEPDPPRKLEVTEMTKNSATLAWLPPLRDGGAKIDGYITSYREEEQPADRWTEYSVVKDLSLVVTGLKEGKKYKFRVAARNAVGVSLPREAEGVYEAKEQLLPPKILMPEQITIKAGKKLRIEAHVYGKPHPTCKWKKGEDEVVTSSHLAVHKADSSSILIIKDVTRKDSGYYSLTAENSSGTDTQKIKVVVMDAPGPPQPPFDISDIDADACSLSWHIPLEDGGSNITNYIVEKCDVSRGDWVTALASVTKTSCRVGKLIPGQEYIFRVRAENRFGISEPLTSPKMVAQFPFGVPSEPKNARVTKVNKDCIFVAWDRPDSDGGSPIIGYLIERKERNSLLWVKANDTLVRSTEYPCAGLVEGLEYSFRIYALNKAGSSPPSKPTEYVTARMPVDPPGKPEVIDVTKSTVSLIWARPKHDGGSKIIGYFVEACKLPGDKWVRCNTAPHQIPQEEYTATGLEEKAQYQFRAIARTAVNISPPSEPSDPVTILAENVPPRIDLSVAMKSLLTVKAGTNVCLDATVFGKPMPTVSWKKDGTLLKPAEGIKMAMQRNLCTLELFSVNRKDSGDYTITAENSSGSKSATIKLKVLDKPGPPASVKINKMYSDRAMLSWEPPLEDGGSEITNYIVDKRETSRPNWAQVSATVPITSCSVEKLIEGHEYQFRICAENKYGVGDPVFTEPAIAKNPYDPPGRCDPPVISNITKDHMTVSWKPPADDGGSPITGYLLEKRETQAVNWTKVNRKPIIERTLKATGLQEGTEYEFRVTAINKAGPGKPSDASKAAYARDPQYPPGPPAFPKVYDTTRSSVSLSWGKPAYDGGSPIIGYLVEVKRADSDNWVRCNLPQNLQKTRFEVTGLMEDTQYQFRVYAVNKIGYSDPSDVPDKHYPKDILIPPEGELDADLRKTLILRAGVTMRLYVPVKGRPPPKITWSKPNVNLRDRIGLDIKSTDFDTFLRCENVNKYDAGKYILTLENSCGKKEYTIVVKVLDTPGPPVNVTVKEISKDSAYVTWEPPIIDGGSPIINYVVQKRDAERKSWSTVTTECSKTSFRVANLEEGKSYFFRVFAENEYGIGDPGETRDAVKASQTPGPVVDLKVRSVSKSSCSIGWKKPHSDGGSRIIGYVVDFLTEENKWQRVMKSLSLQYSAKDLTEGKEYTFRVSAENENGEGTPSEITVVARDDVVAPDLDLKGLPDLCYLAKENSNFRLKIPIKGKPAPSVSWKKGEDPLATDTRVSVESSAVNTTLIVYDCQKSDAGKYTITLKNVAGTKEGTISIKVVGKPGIPTGPIKFDEVTAEAMTLKWAPPKDDGGSEITNYILEKRDSVNNKWVTCASAVQKTTFRVTRLHEGMEYTFRVSAENKYGVGEGLKSEPIVARHPFDVPDAPPPPNIVDVRHDSVSLTWTDPKKTGGSPITGYHLEFKERNSLLWKRANKTPIRMRDFKVTGLTEGLEYEFRVMAINLAGVGKPSLPSEPVVALDPIDPPGKPEVINITRNSVTLIWTEPKYDGGHKLTGYIVEKRDLPSKSWMKANHVNVPECAFTVTDLVEGGKYEFRIRAKNTAGAISAPSESTETIICKDEYEAPTIVLDPTIKDGLTIKAGDTIVLNAISILGKPLPKSSWSKAGKDIRPSDITQITSTPTSSMLTIKYATRKDAGEYTITATNPFGTKVEHVKVTVLDVPGPPGPVEISNVSAEKATLTWTPPLEDGGSPIKSYILEKRETSRLLWTVVSEDIQSCRHVATKLIQGNEYIFRVSAVNHYGKGEPVQSEPVKMVDRFGPPGPPEKPEVSNVTKNTATVSWKRPVDDGGSEITGYHVERREKKSLRWVRAIKTPVSDLRCKVTGLQEGSTYEFRVSAENRAGIGPPSEASDSVLMKDAAYPPGPPSNPHVTDTTKKSASLAWGKPHYDGGLEITGYVVEHQKVGDEAWIKDTTGTALRITQFVVPDLQTKEKYNFRISAINDAGVGEPAVIPDVEIVEREMAPDFELDAELRRTLVVRAGLSIRIFVPIKGRPAPEVTWTKDNINLKNRANIENTESFTLLIIPECNRYDTGKFVMTIENPAGKKSGFVNVRVLDTPGPVLNLRPTDITKDSVTLHWDLPLIDGGSRITNYIVEKREATRKSYSTATTKCHKCTYKVTGLSEGCEYFFRVMAENEYGIGEPTETTEPVKASEAPSPPDSLNIMDITKSTVSLAWPKPKHDGGSKITGYVIEAQRKGSDQWTHITTVKGLECVVRNLTEGEEYTFQVMAVNSAGRSAPRESRPVIVKEQTMLPELDLRGIYQKLVIAKAGDNIKVEIPVLGRPKPTVTWKKGDQILKQTQRVNFETTATSTILNINECVRSDSGPYPLTARNIVGEVGDVITIQVHDIPGPPTGPIKFDEVSSDFVTFSWDPPENDGGVPISNYVVEMRQTDSTTWVELATTVIRTTYKATRLTTGLEYQFRVKAQNRYGVGPGITSACIVANYPFKVPGPPGTPQVTAVTKDSMTISWHEPLSDGGSPILGYHVERKERNGILWQTVSKALVPGNIFKSSGLTDGIAYEFRVIAENMAGKSKPSKPSEPMLALDPIDPPGKPVPLNITRHTVTLKWAKPEYTGGFKITSYIVEKRDLPNGRWLKANFSNILENEFTVSGLTEDAAYEFRVIAKNAAGAISPPSEPSDAITCRDDVEAPKIKVDVKFKDTVILKAGEAFRLEADVSGRPPPTMEWSKDGKELEGTAKLEIKIADFSTNLVNKDSTRRDSGAYTLTATNPGGFAKHIFNVKVLDRPGPPEGPLAVTEVTSEKCVLSWFPPLDDGGAKIDHYIVQKRETSRLAWTNVASEVQVTKLKVTKLLKGNEYIFRVMAVNKYGVGEPLESEPVLAVNPYGPPDPPKNPEVTTITKDSMVVCWGHPDSDGGSEIINYIVERRDKAGQRWIKCNKKTLTDLRYKVSGLTEGHEYEFRIMAENAAGISAPSPTSPFYKACDTVFKPGPPGNPRVLDTSRSSISIAWNKPIYDGGSEITGYMVEIALPEEDEWQIVTPPAGLKATSYTITGLTENQEYKIRIYAMNSEGLGEPALVPGTPKAEDRMLPPEIELDADLRKVVTIRACCTLRLFVPIKGRPAPEVKWARDHGESLDKASIESTSSYTLLIVGNVNRFDSGKYILTVENSSGSKSAFVNVRVLDTPGPPQDLKVKEVTKTSVTLTWDPPLLDGGSKIKNYIVEKRESTRKAYSTVATNCHKTSWKVDQLQEGCSYYFRVLAENEYGIGLPAETAESVKASERPLPPGKITLMDVTRNSVSLSWEKPEHDGGSRILGYIVEMQTKGSDKWATCATVKVTEATITGLIQGEEYSFRVSAQNEKGISDPRQLSVPVIAKDLVIPPAFKLLFNTFTVLAGEDLKVDVPFIGRPTPAVTWHKDNVPLKQTTRVNAESTENNSLLTIKDACREDVGHYVVKLTNSAGEAIETLNVIVLDKPGPPTGPVKMDEVTADSITLSWGPPKYDGGSSINNYIVEKRDTSTTTWQIVSATVARTTIKACRLKTGCEYQFRIAAENRYGKSTYLNSEPTVAQYPFKVPGPPGTPVVTLSSRDSMEVQWNEPISDGGSRVIGYHLERKERNSILWVKLNKTPIPQTKFKTTGLEEGVEYEFRVSAENIVGIGKPSKVSECYVARDPCDPPGRPEAIIVTRNSVTLQWKKPTYDGGSKITGYIVEKKELPEGRWMKASFTNIIDTHFEVTGLVEDHRYEFRVIARNAAGVFSEPSESTGAITARDEVDPPRISMDPKYKDTIVVHAGESFKVDADIYGKPIPTIQWIKGDQELSNTARLEIKSTDFATSLSVKDAVRVDSGNYILKAKNVAGERSVTVNVKVLDRPGPPEGPVVISGVTAEKCTLAWKPPLQDGGSDIINYIVERRETSRLVWTVVDANVQTLSCKVTKLLEGNEYTFRIMAVNKYGVGEPLESEPVVAKNPFVVPDAPKAPEVTTVTKDSMIVVWERPASDGGSEILGYVLEKRDKEGIRWTRCHKRLIGELRLRVTGLIENHDYEFRVSAENAAGLSEPSPPSAYQKACDPIYKPGPPNNPKVIDITRSSVFLSWSKPIYDGGCEIQGYIVEKCDVSVGEWTMCTPPTGINKTNIEVEKLLEKHEYNFRICAINKAGVGEHADVPGPIIVEEKLEAPDIDLDLELRKIINIRAGGSLRLFVPIKGRPTPEVKWGKVDGEIRDAAIIDVTSSFTSLVLDNVNRYDSGKYTLTLENSSGTKSAFVTVRVLDTPSPPVNLKVTEITKDSVSITWEPPLLDGGSKIKNYIVEKREATRKSYAAVVTNCHKNSWKIDQLQEGCSYYFRVTAENEYGIGLPAQTADPIKVAEVPQPPGKITVDDVTRNSVSLSWTKPEHDGGSKIIQYIVEMQAKHSEKWSECARVKSLQAVITNLTQGEEYLFRVVAVNEKGRSDPRSLAVPIVAKDLVIEPDVKPAFSSYSVQVGQDLKIEVPISGRPKPTITWTKDGLPLKQTTRINVTDSLDLTTLSIKETHKDDGGQYGITVANVVGQKTASIEIVTLDKPDPPKGPVKFDDVSAESITLSWNPPLYTGGCQITNYIVQKRDTTTTVWDVVSATVARTTLKVTKLKTGTEYQFRIFAENRYGQSFALESDPIVAQYPYKEPGPPGTPFATAISKDSMVIQWHEPVNNGGSPVIGYHLERKERNSILWTKVNKTIIHDTQFKAQNLEEGIEYEFRVYAENIVGVGKASKNSECYVARDPCDPPGTPEPIMVKRNEITLQWTKPVYDGGSMITGYIVEKRDLPDGRWMKASFTNVIETQFTVSGLTEDQRYEFRVIAKNAAGAISKPSDSTGPITAKDEVELPRISMDPKFRDTIVVNAGETFRLEADVHGKPLPTIEWLRGDKEIEESARCEIKNTDFKALLIVKDAIRIDGGQYILRASNVAGSKSFPVNVKVLDRPGPPEGPVQVTGVTSEKCSLTWSPPLQDGGSDISHYVVEKRETSRLAWTVVASEVVTNSLKVTKLLEGNEYVFRIMAVNKYGVGEPLESAPVLMKNPFVLPGPPKSLEVTNIAKDSMTVCWNRPDSDGGSEIIGYIVEKRDRSGIRWIKCNKRRITDLRLRVTGLTEDHEYEFRVSAENAAGVGEPSPATVYYKACDPVFKPGPPTNAHIVDTTKNSITLAWGKPIYDGGSEILGYVVEICKADEEEWQIVTPQTGLRVTRFEISKLTEHQEYKIRVCALNKVGLGEATSVPGTVKPEDKLEAPELDLDSELRKGIVVRAGGSARIHIPFKGRPTPEITWSREEGEFTDKVQIEKGVNYTQLSIDNCDRNDAGKYILKLENSSGSKSAFVTVKVLDTPGPPQNLAVKEVRKDSAFLVWEPPIIDGGAKVKNYVIDKRESTRKAYANVSSKCSKTSFKVENLTEGAIYYFRVMAENEFGVGVPVETVDAVKAAEPPSPPGKVTLTDVSQTSASLMWEKPEHDGGSRVLGYVVEMQPKGTEKWSIVAESKVCNAVVTGLSSGQEYQFRVKAYNEKGKSDPRVLGVPVIAKDLTIQPSLKLPFNTYSIQAGEDLKIEIPVIGRPRPNISWVKDGEPLKQTTRVNVEETATSTVLHIKEGNKDDFGKYTVTATNSAGTATENLSVIVLEKPGPPVGPVRFDEVSADFVVISWEPPAYTGGCQISNYIVEKRDTTTTTWHMVSATVARTTIKITKLKTGTEYQFRIFAENRYGKSAPLDSKAVIVQYPFKEPGPPGTPFVTSISKDQMLVQWHEPVNDGGTKIIGYHLEQKEKNSILWVKLNKTPIQDTKFKTTGLDEGLEYEFKVSAENIVGIGKPSKVSECFVARDPCDPPGRPEAIVITRNNVTLKWKKPAYDGGSKITGYIVEKKDLPDGRWMKASFTNVLETEFTVSGLVEDQRYEFRVIARNAAGNFSEPSDSSGAITARDEIDAPNASLDPKYKDVIVVHAGETFVLEADIRGKPIPDVVWSKDGKELEETAARMEIKSTIQKTTLVVKDCIRTDGGQYILKLSNVGGTKSIPITVKVLDRPGPPEGPLKVTGVTAEKCYLAWNPPLQDGGANISHYIIEKRETSRLSWTQVSTEVQALNYKVTKLLPGNEYIFRVMAVNKYGIGEPLESGPVTACNPYKPPGPPSTPEVSAITKDSMVVTWARPVDDGGTEIEGYILEKRDKEGVRWTKCNKKTLTDLRLRVTGLTEGHSYEFRVAAENAAGVGEPSEPSVFYRACDALYPPGPPSNPKVTDTSRSSVSLAWSKPIYDGGAPVKGYVVEVKEAAADEWTTCTPPTGLQGKQFTVTKLKENTEYNFRICAINSEGVGEPATLPGSVVAQERIEPPEIELDADLRKVVVLRASATLRLFVTIKGRPEPEVKWEKAEGILTDRAQIEVTSSFTMLVIDNVTRFDSGRYNLTLENNSGSKTAFVNVRVLDSPSAPVNLTIREVKKDSVTLSWEPPLIDGGAKITNYIVEKRETTRKAYATITNNCTKTTFRIENLQEGCSYYFRVLASNEYGIGLPAETTEPVKVSEPPLPPGRVTLVDVTRNTATIKWEKPESDGGSKITGYVVEMQTKGSEKWSTCTQVKTLEATISGLTAGEEYVFRVAAVNEKGRSDPRQLGVPVIARDIEIKPSVELPFHTFNVKAREQLKIDVPFKGRPQATVNWRKDGQTLKETTRVNVSSSKTVTSLSIKEASKEDVGTYELCVSNSAGSITVPITIIVLDRPGPPGPIRIDEVSCDSITISWNPPEYDGGCQISNYIVEKKETTSTTWHIVSQAVARTSIKIVRLTTGSEYQFRVCAENRYGKSSYSESSAVVAEYPFSPPGPPGTPKVVHATKSTMLVTWQVPVNDGGSRVIGYHLEYKERSSILWSKANKILIADTQMKVSGLDEGLMYEYRVYAENIAGIGKCSKSCEPVPARDPCDPPGQPEVTNITRKSVSLKWSKPHYDGGAKITGYIVERRELPDGRWLKCNYTNIQETYFEVTELTEDQRYEFRVFARNAADSVSEPSESTGPIIVKDDVEPPRVMMDVKFRDVIVVKAGEVLKINADIAGRPLPVISWAKDGIEIEERARTEIISTDNHTLLTVKDCIRRDTGQYVLTLKNVAGTRSVAVNCKVLDKPGPPAGPLEINGLTAEKCSLSWGRPQEDGGADIDYYIVEKRETSHLAWTICEGELQMTSCKVTKLLKGNEYIFRVTGVNKYGVGEPLESVAIKALDPFTVPSPPTSLEITSVTKESMTLCWSRPESDGGSEISGYIIERREKNSLRWVRVNKKPVYDLRVKSTGLREGCEYEYRVYAENAAGLSLPSETSPLIRAEDPVFLPSPPSKPKIVDSGKTTITIAWVKPLFDGGAPITGYTVEYKKSDDTDWKTSIQSLRGTEYTISGLTTGAEYVFRVKSVNKVGASDPSDSSDPQIAKEREEEPLFDIDSEMRKTLIVKAGASFTMTVPFRGRPVPNVLWSKPDTDLRTRAYVDTTDSRTSLTIENANRNDSGKYTLTIQNVLSAASLTLVVKVLDTPGPPTNITVQDVTKESAVLSWDVPENDGGAPVKNYHIEKREASKKAWVSVTNNCNRLSYKVTNLQEGAIYYFRVSGENEFGVGIPAETKEGVKITEKPSPPEKLGVTSISKDSVSLTWLKPEHDGGSRIVHYVVEALEKGQKNWVKCAVAKSTHHVVSGLRENSEYFFRVFAENQAGLSDPRELLLPVLIKEQLEPPEIDMKNFPSHTVYVRAGSNLKVDIPISGKPLPKVTLSRDGVPLKATMRFNTEITAENLTINLKESVTADAGRYEITAANSSGTTKAFINIVVLDRPGPPTGPVVISDITEESVTLKWEPPKYDGGSQVTNYILLKRETSTAVWTEVSATVARTMMKVMKLTTGEEYQFRIKAENRFGISDHIDSACVTVKLPYTTPGPPSTPWVTNVTRESITVGWHEPVSNGGSAVVGYHLEMKDRNSILWQKANKLVIRTTHFKVTTISAGLIYEFRVYAENAAGVGKPSHPSEPVLAIDACEPPRNVRITDISKNSVSLSWQQPAFDGGSKITGYIVERRDLPDGRWTKASFTNVTETQFIISGLTQNSQYEFRVFARNAVGSISNPSEVVGPITCIDSYGGPVIDLPLEYTEVVKYRAGTSVKLRAGISGKPAPTIEWYKDDKELQTNALVCVENTTDLASILIKDADRLNSGCYELKLRNAMGSASATIRVQILDKPGPPGGPIEFKTVTAEKITLLWRPPADDGGAKITHYIVEKRETSRVVWSMVSEHLEECIITTTKIIKGNEYIFRVRAVNKYGIGEPLESDSVVAKNAFVTPGPPGIPEVTKITKNSMTVVWSRPIADGGSDISGYFLEKRDKKSLGWFKVLKETIRDTRQKVTGLTENSDYQYRVCAVNAAGQGPFSEPSEFYKAADPIDPPGPPAKIRIADSTKSSITLGWSKPVYDGGSAVTGYVVEIRQGEEEEWTTVSTKGEVRTTEYVVSNLKPGVNYYFRVSAVNCAGQGEPIEMNEPVQAKDILEAPEIDLDVALRTSVIAKAGEDVQVLIPFKGRPPPTVTWRKDEKNLGSDARYSIENTDSSSLLTIPQVTRNDTGKYILTIENGVGEPKSSTVSVKVLDTPAACQKLQVKHVSRGTVTLLWDPPLIDGGSPIINYVIEKRDATKRTWSVVSHKCSSTSFKLIDLSEKTPFFFRVLAENEIGIGEPCETTEPVKAAEVPAPIRDLSMKDSTKTSVILSWTKPDFDGGSVITEYVVERKGKGEQTWSHAGISKTCEIEVSQLKEQSVLEFRVFAKNEKGLSDPVTIGPITVKELIITPEVDLSDIPGAQVTVRIGHNVHLELPYKGKPKPSISWLKDGLPLKESEFVRFSKTENKITLSIKNAKKEHGGKYTVILDNAVCRIAVPITVITLGPPSKPKGPIRFDEIKADSVILSWDVPEDNGGGEITCYSIEKRETSQTNWKMVCSSVARTTFKVPNLVKDAEYQFRVRAENRYGVSQPLVSSIIVAKHQFRIPGPPGKPVIYNVTSDGMSLTWDAPVYDGGSEVTGFHVEKKERNSILWQKVNTSPISGREYRATGLVEGLDYQFRVYAENSAGLSSPSDPSKFTLAVSPVDPPGTPDYIDVTRETITLKWNPPLRDGGSKIVGYSIEKRQGNERWVRCNFTDVSECQYTVTGLSPGDRYEFRIIARNAVGTISPPSQSSGIIMTRDENVPPIVEFGPEYFDGLIIKSGESLRIKALVQGRPVPRVTWFKDGVEIEKRMNMEITDVLGSTSLFVRDATRDHRGVYTVEAKNASGSAKAEIKVKVQDTPGKVVGPIRFTNITGEKMTLWWDAPLNDGCAPITHYIIEKRETSRLAWALIEDKCEAQSYTAIKLINGNEYQFRVSAVNKFGVGRPLDSDPVVAQIQYTVPDAPGIPEPSNITGNSITLTWARPESDGGSEIQQYILERREKKSTRWVKVISKRPISETRFKVTGLTEGNEYEFHVMAENAAGVGPASGISRLIKCREPVNPPGPPTVVKVTDTSKTTVSLEWSKPVFDGGMEIIGYIIEMCKADLGDWHKVNAEACVKTRYTVTDLQAGEEYKFRVSAINGAGKGDSCEVTGTIKAVDRLTAPELDIDANFKQTHVVRAGASIRLFIAYQGRPTPTAVWSKPDSNLSLRADIHTTDSFSTLTVENCNRNDAGKYTLTVENNSGSKSITFTVKVLDTPGPPGPITFKDVTRGSATLMWDAPLLDGGARIHHYVVEKREASRRSWQVISEKCTRQIFKVNDLAEGVPYYFRVSAVNEYGVGEPYEMPEPIVATEQPAPPRRLDVVDTSKSSAVLAWLKPDHDGGSRITGYLLEMRQKGSDFWVEAGHTKQLTFTVERLVEKTEYEFRVKAKNDAGYSEPREAFSSVIIKEPQIEPTADLTGITNQLITCKAGSPFTIDVPISGRPAPKVTWKLEEMRLKETDRVSITTTKDRTTLTVKDSMRGDSGRYFLTLENTAGVKTFSVTVVVIGRPGPVTGPIEVSSVSAESCVLSWGEPKDGGGTEITNYIVEKRESGTTAWQLVNSSVKRTQIKVTHLTKYMEYSFRVSSENRFGVSKPLESAPIIAEHPFVPPSAPTRPEVYHVSANAMSIRWEEPYHDGGSKIIGYWVEKKERNTILWVKENKVPCLECNYKVTGLVEGLEYQFRTYALNAAGVSKASEASRPIMAQNPVDAPGRPEVTDVTRSTVSLIWSAPAYDGGSKVVGYIIERKPVSEVGDGRWLKCNYTIVSDNFFTVTALSEGDTYEFRVLAKNAAGVISKGSESTGPVTCRDEYAPPKAELDARLHGDLVTIRAGSDLVLDAAVGGKPEPKIIWTKGDKELDLCEKVSLQYTGKRATAVIKFCDRSDSGKYTLTVKNASGTKAVSVMVKVLDSPGPCGKLTVSRVTQEKCTLAWSLPQEDGGAEITHYIVERRETSRLNWVIVEGECPTLSYVVTRLIKNNEYIFRVRAVNKYGPGVPVESEPIVARNSFTIPSPPGIPEEVGTGKEHIIIQWTKPESDGGNEISNYLVDKREKKSLRWTRVNKDYVVYDTRLKVTSLMEGCDYQFRVTAVNAAGNSEPSEASNFISCREPSYTPGPPSAPRVVDTTKHSISLAWTKPMYDGGTDIVGYVLEMQEKDTDQWYRVHTNATIRNTEFTVPDLKMGQKYSFRVAAVNVKGMSEYSESIAEIEPVERIEIPDLELADDLKKTVTIRAGASLRLMVSVSGRPPPVITWSKQGIDLASRAIIDTTESYSLLIVDKVNRYDAGKYTIEAENQSGKKSATVLVKVYDTPGPCPSVKVKEVSRDSVTITWEIPTIDGGAPVNNYIVEKREAAMRAFKTVTTKCSKTLYRISGLVEGTMYYFRVLPENIYGIGEPCETSDAVLVSEVPLVPAKLEVVDVTKSTVTLAWEKPLYDGGSRLTGYVLEACKAGTERWMKVVTLKPTVLEHTVTSLNEGEQYLFRIRAQNEKGVSEPRETVTAVTVQDLRVLPTIDLSTMPQKTIHVPAGRPVELVIPIAGRPPPAASWFFAGSKLRESERVTVETHTKVAKLTIRETTIRDTGEYTLELKNVTGTTSETIKVIILDKPGPPTGPIKIDEIDATSITISWEPPELDGGAPLSGYVVEQRDAHRPGWLPVSESVTRSTFKFTRLTEGNEYVFRVAATNRFGIGSYLQSEVIECRSSIRIPGPPETLQIFDVSRDGMTLTWYPPEDDGGSQVTGYIVERKEVRADRWVRVNKVPVTMTRYRSTGLTEGLEYEHRVTAINARGSGKPSRPSKPIVAMDPIAPPGKPQNPRVTDTTRTSVSLAWSVPEDEGGSKVTGYLIEMQKVDQHEWTKCNTTPTKIREYTLTHLPQGAEYRFRVLACNAGGPGEPAEVPGTVKVTEMLEYPDYELDERYQEGIFVRQGGVIRLTIPIKGKPFPICKWTKEGQDISKRAMIATSETHTELVIKEADRGDSGTYDLVLENKCGKKAVYIKVRVIGSPNSPEGPLEYDDIQVRSVRVSWRPPADDGGADILGYILERREVPKAAWYTIDSRVRGTSLVVKGLKENVEYHFRVSAENQFGISKPLKSEEPVTPKTPLNPPEPPSNPPEVLDVTKSSVSLSWSRPKDDGGSRVTGYYIERKETSTDKWVRHNKTQITTTMYTVTGLVPDAEYQFRIIAQNDVGLSETSPASEPVVCKDPFDKPSQPGELEILSISKDSVTLQWEKPECDGGKEILGYWVEYRQSGDSAWKKSNKERIKDKQFTIGGLLEATEYEFRVFAENETGLSRPRRTAMSIKTKLTSGEAPGIRKEMKDVTTKLGEAAQLSCQIVGRPLPDIKWYRFGKELIQSRKYKMSSDGRTHTLTVMTEEQEDEGVYTCIATNEVGEVETSSKLLLQATPQFHPGYPLKEKYYGAVGSTLRLHVMYIGRPVPAMTWFHGQKLLQNSENITIENTEHYTHLVMKNVQRKTHAGKYKVQLSNVFGTVDAILDVEIQDKPDKPTGPIVIEALLKNSAVISWKPPADDGGSWITNYVVEKCEAKEGAEWQLVSSAISVTTCRIVNLTENAGYYFRVSAQNTFGISDPLEVSSVVIIKSPFEKPGAPGKPTITAVTKDSCVVAWKPPASDGGAKIRNYYLEKREKKQNKWISVTTEEIRETVFSVKNLIEGLEYEFRVKCENLGGESEWSEISEPITPKSDVPIQAPHFKEELRNLNVRYQSNATLVCKVTGHPKPIVKWYRQGKEIIADGLKYRIQEFKGGYHQLIIASVTDDDATVYQVRATNQGGSVSGTASLEVEVPAKIHLPKTLEGMGAVHALRGEVVSIKIPFSGKPDPVITWQKGQDLIDNNGHYQVIVTRSFTSLVFPNGVERKDAGFYVVCAKNRFGIDQKTVELDVADVPDPPRGVKVSDVSRDSVNLTWTEPASDGGSKITNYIVEKCATTAERWLRVGQARETRYTVINLFGKTSYQFRVIAENKFGLSKPSEPSEPTITKEDKTRAMNYDEEVDETREVSMTKASHSSTKELYEKYMIAEDLGRGEFGIVHRCVETSSKKTYMAKFVKVKGTDQVLVKKEISILNIARHRNILHLHESFESMEELVMIFEFISGLDIFERINTSAFELNEREIVSYVHQVCEALQFLHSHNIGHFDIRPENIIYQTRRSSTIKIIEFGQARQLKPGDNFRLLFTAPEYYAPEVHQHDVVSTATDMWSLGTLVYVLLSGINPFLAETNQQIIENIMNAEYTFDEEAFKEISIEAMDFVDRLLVKERKSRMTASEALQHPWLKQKIERVSTKVIRTLKHRRYYHTLIKKDLNMVVSAARISCGGAIRSQKGVSVAKVKVASIEIGPVSGQIMHAVGEEGGHVKYVCKIENYDQSTQVTWYFGVRQLENSEKYEITYEDGVAILYVKDITKLDDGTYRCKVVNDYGEDSSYAELFVKGVREVYDYYCRRTMKKIKRRTDTMRLLERPPEFTLPLYNKTAYVGENVRFGVTITVHPEPHVTWYKSGQKIKPGDNDKKYTFESDKGLYQLTINSVTTDDDAEYTVVARNKYGEDSCKAKLTVTLHPPPTDSTLRPMFKRLLANAECQEGQSVCFEIRVSGIPPPTLKWEKDGQPLSLGPNIEIIHEGLDYYALHIRDTLPEDTGYYRVTATNTAGSTSCQAHLQVERLRYKKQEFKSKEEHERHVQKQIDKTLRMAEILSGTESVPLTQVAKEALREAAVLYKPAVSTKTVKGEFRLEIEEKKEERKLRMPYDVPEPRKYKQTTIEEDQRIKQFVPMSDMKWYKKIRDQYEMPGKLDRVVQKRPKRIRLSRWEQFYVMPLPRITDQYRPKWRIPKLSQDDLEIVRPARRRTPSPDYDFYYRPRRRSLGDISDEELLLPIDDYLAMKRTEEERLRLEEELELGFSASPPSRSPPHFELSSLRYSSPQAHVKVEETRKDFRYSTYHIPTKAEASTSYAELRERHAQAAYRQPKQRQRIMAEREDEELLRPVTTTQHLSEYKSELDFMSKEEKSRKKSRRQREVTEITEIEEEYEISKHAQRESSSSASRLLRRRRSLSPTYIELMRPVSELIRSRPQPAEEYEDDTERRSPTPERTRPRSPSPVSSERSLSRFERSARFDIFSRYESMKAALKTQKTSERKYEVLSQQPFTLDHAPRITLRMRSHRVPCGQNTRFILNVQSKPTAEVKWYHNGVELQESSKIHYTNTSGVLTLEILDCHTDDSGTYRAVCTNYKGEASDYATLDVTGGDYTTYASQRRDEEVPRSVFPELTRTEAYAVSSFKKTSEMEASSSVREVKSQMTETRESLSSYEHSASAEMKSAALEEKSLEEKSTTRKIKTTLAARILTKPRSMTVYEGESARFSCDTDGEPVPTVTWLRKGQVLSTSARHQVTTTKYKSTFEISSVQASDEGNYSVVVENSEGKQEAEFTLTIQKARVTEKAVTSPPRVKSPEPRVKSPEAVKSPKRVKSPEPSHPKAVSPTETKPTPTEKVQHLPVSAPPKITQFLKAEASKEIAKLTCVVESSVLRAKEVTWYKDGKKLKENGHFQFHYSADGTYELKINNLTESDQGEYVCEISGEGGTSKTNLQFMGQAFKSIHEKVSKISETKKSDQKTTESTVTRKTEPKAPEPISSKPVIVTGLQDTTVSSDSVAKFAVKATGEPRPTAIWTKDGKAITQGGKYKLSEDKGGFFLEIHKTDTSDSGLYTCTVKNSAGSVSSSCKLTIKAIKDTEAQKVSTQKTSEITPQKKAVVQEEISQKALRSEEIKMSEAKSQEKLALKEEASKVLISEEVKKSAATSLEKSIVHEEITKTSQASEEVRTHAEIKAFSTQMSINEGQRLVLKANIAGATDVKWVLNGVELTNSEEYRYGVSGSDQTLTIKQASHRDEGILTCISKTKEGIVKCQYDLTLSKELSDAPAFISQPRSQNINEGQNVLFTCEISGEPSPEIEWFKNNLPISISSNVSISRSRNVYSLEIRNASVSDSGKYTIKAKNFRGQCSATASLMVLPLVEEPSREVVLRTSGDTSLQGSFSSQSVQMSASKQEASFSSFSSSSASSMTEMKFASMSAQSMSSMQESFVEMSSSSFMGISNMTQLESSTSKMLKAGIRGIPPKIEALPSDISIDEGKVLTVACAFTGEPTPEVTWSCGGRKIHSQEQGRFHIENTDDLTTLIIMDVQKQDGGLYTLSLGNEFGSDSATVNIHIRSI
sp|P43360|MAGA6_HUMAN,6,167,EVDPIGHVY,MPLEQRSQHCKPEEGLEARGEALGLVGAQAPATEEQEAASSSSTLVEVTLGEVPAAESPDPPQSPQGASSLPTTMNYPLWSQSYEDSSNQEEEGPSTFPDLESEFQAALSRKVAKLVHFLLLKYRAREPVTKAEMLGSVVGNWQYFFPVIFSKASDSLQLVFGIELMEVDPIGHVYIFATCLGLSYDGLLGDNQIMPKTGFLIIILAIIAKEGDCAPEEKIWEELSVLEVFEGREDSIFGDPKKLLTQYFVQENYLEYRQVPGSDPACYEFLWGPRALIETSYVKVLHHMVKISGGPRISYPLLHEWALREGEE
sp|P35610|SOAT1_HUMAN,5,133,EVDHIRTIY,MVGEEKMSLRNRLSKSRENPEEDEDQRNPAKESLETPSNGRIDIKQLIAKKIKLTAEAEELKPFFMKEVGSHFDDFVTNLIEKSASLDNGGCALTTFSVLEGEKNNHRAKDLRAPPEQGKIFIARRSLLDELLEVDHIRTIYHMFIALLILFILSTLVVDYIDEGRLVLEFSLLSYAFGKFPTVVWTWWIMFLSTFSVPYFLFQHWATGYSKSSHPLIRSLFHGFLFMIFQIGVLGFGPTYVVLAYTLPPASRFIIIFEQIRFVMKAHSFVRENVPRVLNSAKEKSSTVPIPTVNQYLYFLFAPTLIYRDSYPRNPTVRWGYVAMKFAQVFGCFFYVYYIFERLCAPLFRNIKQEPFSARVLVLCVFNSILPGVLILFLTFFAFLHCWLNAFAEMLRFGDRMFYKDWWNSTSYSNYYRTWNVVVHDWLYYYAYKDFLWFFSKRFKSAAMLAVFAVSAVVHEYALAVCLSFFYPVLFVLFMFFGMAFNFIVNDSRKKPIWNVLMWTSLFLGNGVLLCFYSQEWYARQHCPLKNPTFLDYVRPRSWTCRYVF
sp|P43362|MAGA9_HUMAN,5,166,EVDPAGHSY,MSLEQRSPHCKPDEDLEAQGEDLGLMGAQEPTGEEEETTSSSDSKEEEVSAAGSSSPPQSPQGGASSSISVYYTLWSQFDEGSSSQEEEEPSSSVDPAQLEFMFQEALKLKVAELVHFLLHKYRVKEPVTKAEMLESVIKNYKRYFPVIFGKASEFMQVIFGTDVKEVDPAGHSYILVTALGLSCDSMLGDGHSMPKAALLIIVLGVILTKDNCAPEEVIWEALSVMGVYVGKEHMFYGEPRKLLTQDWVQENYLEYRQVPGSDPAHYEFLWGSKAHAETSYEKVINYLVMLNAREPICYPSLYEEVLGEEQEGV
sp|Q07837|SLC31_HUMAN,5,181,EVDPIFGTM,MAEDKSKRDSIEMSMKGCQTNNGFVHNEDILEQTPDPGSSTDNLKHSTRGILGSQEPDFKGVQPYAGMPKEVLFQFSGQARYRIPREILFWLTVASVLVLIAATIAIIALSPKCLDWWQEGPMYQIYPRSFKDSNKDGNGDLKGIQDKLDYITALNIKTVWITSFYKSSLKDFRYGVEDFREVDPIFGTMEDFENLVAAIHDKGLKLIIDFIPNHTSDKHIWFQLSRTRTGKYTDYYIWHDCTHENGKTIPPNNWLSVYGNSSWHFDEVRNQCYFHQFMKEQPDLNFRNPDVQEEIKEILRFWLTKGVDGFSLDAVKFLLEAKHLRDEIQVNKTQIPDTVTQYSELYHDFTTTQVGMHDIVRSFRQTMDQYSTEPGRYRFMGTEAYAESIDRTVMYYGLPFIQEADFPFNNYLSMLDTVSGNSVYEVITSWMENMPEGKWPNWMIGGPDSSRLTSRLGNQYVNVMNMLLFTLPGTPITYYGEEIGMGNIVAANLNESYDINTLRSKSPMQWDNSSNAGFSEASNTWLPTNSDYHTVNVDVQKTQPRSALKLYQDLSLLHANELLLNRGWFCHLRNDSHYVVYTRELDGIDRIFIVVLNFGESTLLNLHNMISGLPAKMRIRLSTNSADKGSKVDTSGIFLDKGEGLIFEHNTKNLLHRQTAFRDRCFVSNRACYSSVLNILYTSC
sp|Q96M61|MAGBI_HUMAN,6,165,EVDPIRHYY,MPRGQKSKLRAREKRHQARCENQDLGATQATVAEGESPSPAYLLFGDRPQNLPAAETPSIPEALQGAPSTTNAIAPVSCSSNEGASSQDEKSLGSSREAEGWKEDPLNKKVVSLVHFLLQKYETKEPITKGDMIKFVIRKDKCHFNEILKRASEHMELALGVDLKEVDPIRHYYAFFSKLDLTYDETTSDEEKIPKTGLLMIALGVIFLNGNRAPEEAVWEIMNMMGVYADRKHFLYGDPRKVMTKDLVQLKYLEYQQVPNSDPPRYEFLWGPRAHAETSKMKVLEFVAKIHDTVPSAFPSCYEEALRDEEQRTQARAAARAHTAAMANARSRTTSSSFSHAK
sp|Q8N350|CBARP_HUMAN,5,36,EPDPILDNY,MQPTATMATAATTTTTTTATVALTTSWDNATGRPTAEPDPILDNYVLLVVVMSLFVGGTLVVLSGVLLLCKRCWDVHQRLNRAMEEAEKTTTTYLDNGTHPAQDPDFRGEDPECQDAETERFLSTSSTGRRVSFNEAALFEQSRKTQDKGRRYTLTEGDFHHLKNARLTHLHLPPLKIVTIHECDSGEASSATTPHPATSPKATLAIFQPPGKALTGRSVGPSSALPGDPYNSAAGATDFAEISPSASSDSGEGTSLDAGTRSTKAGGPGAAAGPGEAGPGSGAGTVLQFLTRLRRHASLDGASPYFKVKKWKLEPSQRAASLDTRGSPKRHHFQRQRAASESTEQEEGDAPQEDFIQYIARAGDAVAFPHPRPFLASPPPALGRLEAAEAAGGASPDSPPERGAGSAGPEQQQPPLEPDAERDAGPEQAQTSYRDLWSLRASLELHAAASDHSSSGNDRDSVRSGDSSGSGSGGAAPAFPPPSPPAPRPKDGEARRLLQMDSGYASIEGRGAGDDTEPPAAPARPRSPRAWPRRPRRDYSIDEKTDALFHEFLRHDPHFDDTPAAARHRARAHPHARKQWQRGRQHSDPGARAAPALAGTPAPPAGAARPARAPLRRGDSVDGPPDGRTLGGAGDDPAIPVIEEEPGGGGCPGSGLCVLPSGSVLDKLAAGLDERLFPPRLAEPVVATPALVAAAPTSPDHSPA
sp|P49441|INPP_HUMAN,5,150,WVDPIDSTY,MSDILRELLCVSEKAANIARACRQQEALFQLLIEEKKEGEKNKKFAVDFKTLADVLVQEVIKQNMENKFPGLEKNIFGEESNEFTNDWGEKITLRLCSTEEETAELLSKVLNGNKVASEALARVVHQDVAFTDPTLDSTEINVPQDILGIWVDPIDSTYQYIKGSADIKSNQGIFPCGLQCVTILIGVYDIQTGVPLMGVINQPFVSRDPNTLRWKGQCYWGLSYMGTNMHSLQLTISRRNGSETHTGNTGSEAAFSPSFSAVISTSEKETIKAALSRVCGDRIFGAAGAGYKSLCVVQGLVDIYIFSEDTTFKWDSCAAHAILRAMGGGIVDLKECLERNPETGLDLPQLVYHVENEGAAGVDRWANKGGLIAYRSRKRLETFLSLLVQNLAPAETHT
sp|Q8N1C3|GBRG1_HUMAN,5,100,PVDPINMEY,MGPLKAFLFSPFLLRSQSRGVRLVFLLLTLHLGNCVDKADDEDDEDLTVNKTWVLAPKIHEGDITQILNSLLQGYDNKLRPDIGVRPTVIETDVYVNSIGPVDPINMEYTIDIIFAQTWFDSRLKFNSTMKVLMLNSNMVGKIWIPDTFFRNSRKSDAHWITTPNRLLRIWNDGRVLYTLRLTINAECYLQLHNFPMDEHSCPLEFSSYGYPKNEIEYKWKKPSVEVADPKYWRLYQFAFVGLRNSTEITHTISGDYVIMTIFFDLSRRMGYFTIQTYIPCILTVVLSWVSFWINKDAVPARTSLGITTVLTMTTLSTIARKSLPKVSYVTAMDLFVSVCFIFVFAALMEYGTLHYFTSNQKGKTATKDRKLKNKASMTPGLHPGSTLIPMNNISVPQEDDYGYQCLEGKDCASFFCCFEDCRTGSWREGRIHIRIAKIDSYSRIFFPTAFALFNLVYWVGYLYL
sp|P43364|MAGAB_HUMAN,5,280,EVDPTSHSY,METQFRRGGLGCSPASIKRKKKREDSGDFGLQVSTMFSEDDFQSTERAPYGPQLQWSQDLPRVQVFREQANLEDRSPRRTQRITGGEQVLWGPITQIFPTVRPADLTRVIMPLEQRSQHCKPEEGLQAQEEDLGLVGAQALQAEEQEAAFFSSTLNVGTLEELPAAESPSPPQSPQEESFSPTAMDAIFGSLSDEGSGSQEKEGPSTSPDLIDPESFSQDILHDKIIDLVHLLLRKYRVKGLITKAEMLGSVIKNYEDYFPEIFREASVCMQLLFGIDVKEVDPTSHSYVLVTSLNLSYDGIQCNEQSMPKSGLLIIVLGVIFMEGNCIPEEVMWEVLSIMGVYAGREHFLFGEPKRLLTQNWVQEKYLVYRQVPGTDPACYEFLWGPRAHAETSKMKVLEYIANANGRDPTSYPSLYEDALREEGEGV
sp|P43356|MAGA2_HUMAN,5,167,EVVPISHLY,MPLEQRSQHCKPEEGLEARGEALGLVGAQAPATEEQQTASSSSTLVEVTLGEVPAADSPSPPHSPQGASSFSTTINYTLWRQSDEGSSNQEEEGPRMFPDLESEFQAAISRKMVELVHFLLLKYRAREPVTKAEMLESVLRNCQDFFPVIFSKASEYLQLVFGIEVVEVVPISHLYILVTCLGLSYDGLLGDNQVMPKTGLLIIVLAIIAIEGDCAPEEKIWEELSMLEVFEGREDSVFAHPRKLLMQDLVQENYLEYRQVPGSDPACYEFLWGPRALIETSYVKVLHHTLKIGGEPHISYPPLHERALREGEE
